month,district,pred_civil_works_count,pred_district_civil_works_count,pred_district_community_dev_count,pred_district_electricity_count,pred_district_environment_count,pred_district_inspection_count,pred_district_sanitation_count,pred_education_count,pred_electricity_count,pred_environment_count,pred_metro_police_count,pred_others_count,pred_police_count,pred_private_sector_count,pred_public_health_count,pred_transportation_count,pred_waterworks_count
1,คลองสาน,443.0,369.0,0.0,0.0,40.0,8.0,0.0,7.0,0.0,66.0,208.0,0.0,181.0,0.0,53.0,2.0,0.0
1,คลองสามวา,935.0,924.0,0.0,20.0,204.0,695.0,0.0,1.0,33.0,475.0,1.0,0.0,0.0,0.0,12.0,107.0,0.0
1,คลองเตย,1208.0,31.0,0.0,64.0,2.0,1194.0,0.0,1.0,50.0,170.0,547.0,0.0,494.0,0.0,1.0,284.0,0.0
1,คันนายาว,234.0,0.0,0.0,135.0,306.0,196.0,0.0,0.0,412.0,403.0,3.0,0.0,3.0,0.0,0.0,198.0,0.0
1,จตุจักร,1997.0,349.0,0.0,1012.0,33.0,1764.0,0.0,16.0,1115.0,75.0,115.0,7.0,117.0,15.0,0.0,1465.0,0.0
1,จอมทอง,362.0,0.0,0.0,621.0,539.0,32.0,0.0,1.0,612.0,424.0,0.0,11.0,0.0,0.0,0.0,65.0,0.0
1,ดอนเมือง,367.0,494.0,2.0,0.0,76.0,405.0,8.0,1.0,0.0,166.0,0.0,0.0,0.0,0.0,0.0,273.0,0.0
1,ดินแดง,1079.0,946.0,0.0,51.0,40.0,960.0,0.0,1.0,57.0,3.0,0.0,51.0,1.0,0.0,0.0,32.0,0.0
1,ดุสิต,511.0,0.0,2.0,0.0,0.0,63.0,0.0,0.0,0.0,0.0,0.0,0.0,0.0,18.0,0.0,388.0,4.0
1,ตลิ่งชัน,833.0,307.0,0.0,0.0,0.0,648.0,2.0,2.0,0.0,14.0,0.0,0.0,0.0,0.0,0.0,525.0,0.0
1,ทวีวัฒนา,514.0,209.0,0.0,31.0,2.0,32.0,0.0,0.0,22.0,281.0,0.0,0.0,0.0,0.0,0.0,118.0,0.0
1,ทุ่งครุ,557.0,543.0,1.0,382.0,536.0,13.0,63.0,4.0,319.0,464.0,3.0,0.0,11.0,0.0,0.0,0.0,21.0
1,ธนบุรี,785.0,37.0,3.0,1.0,248.0,41.0,0.0,0.0,12.0,122.0,46.0,0.0,59.0,0.0,0.0,7.0,0.0
1,บางกอกน้อย,216.0,0.0,0.0,288.0,2.0,930.0,0.0,0.0,48.0,5.0,0.0,1077.0,0.0,1.0,0.0,0.0,0.0
1,บางกอกใหญ่,339.0,222.0,0.0,12.0,4.0,108.0,0.0,1.0,41.0,14.0,0.0,134.0,0.0,0.0,0.0,64.0,0.0
1,บางกะปิ,1380.0,463.0,0.0,740.0,20.0,0.0,4.0,7.0,1273.0,25.0,22.0,0.0,8.0,0.0,0.0,593.0,18.0
1,บางขุนเทียน,666.0,594.0,4.0,299.0,630.0,0.0,18.0,2.0,222.0,571.0,10.0,0.0,33.0,0.0,16.0,324.0,3.0
1,บางคอแหลม,605.0,428.0,0.0,9.0,463.0,0.0,389.0,0.0,6.0,221.0,39.0,0.0,10.0,0.0,5.0,0.0,0.0
1,บางซื่อ,878.0,104.0,0.0,84.0,1.0,39.0,10.0,0.0,138.0,0.0,1.0,2.0,1.0,0.0,0.0,92.0,0.0
1,บางนา,711.0,289.0,0.0,411.0,440.0,2.0,0.0,1.0,464.0,120.0,0.0,42.0,0.0,0.0,2.0,204.0,0.0
1,บางบอน,412.0,26.0,1.0,322.0,447.0,37.0,0.0,0.0,300.0,347.0,0.0,6.0,1.0,0.0,38.0,53.0,0.0
1,บางพลัด,104.0,0.0,0.0,326.0,0.0,0.0,0.0,0.0,401.0,9.0,170.0,735.0,186.0,0.0,1.0,3.0,0.0
1,บางรัก,280.0,0.0,21.0,0.0,0.0,841.0,473.0,1.0,0.0,1.0,598.0,0.0,729.0,0.0,0.0,4.0,0.0
1,บางเขน,1010.0,1010.0,0.0,237.0,10.0,992.0,41.0,2.0,666.0,51.0,0.0,46.0,2.0,0.0,0.0,106.0,3.0
1,บางแค,830.0,63.0,1.0,524.0,145.0,898.0,5.0,7.0,436.0,248.0,140.0,0.0,221.0,6.0,16.0,86.0,0.0
1,บึงกุ่ม,1091.0,0.0,0.0,49.0,218.0,1172.0,1.0,6.0,56.0,146.0,0.0,0.0,0.0,0.0,0.0,227.0,0.0
1,ปทุมวัน,782.0,1.0,0.0,0.0,0.0,914.0,0.0,183.0,0.0,43.0,490.0,0.0,411.0,0.0,0.0,4.0,0.0
1,ประเวศ,1254.0,1315.0,1.0,4.0,60.0,716.0,205.0,5.0,108.0,1315.0,0.0,0.0,0.0,0.0,24.0,84.0,3.0
1,ป้อมปราบศัตรูพ่าย,8.0,1.0,0.0,0.0,0.0,682.0,0.0,0.0,0.0,0.0,0.0,0.0,2.0,0.0,26.0,4.0,0.0
1,พญาไท,706.0,699.0,1.0,0.0,0.0,94.0,0.0,0.0,0.0,0.0,14.0,0.0,11.0,0.0,0.0,5.0,15.0
1,พระนคร,249.0,0.0,1.0,0.0,0.0,1148.0,0.0,1.0,0.0,0.0,2.0,168.0,8.0,0.0,0.0,132.0,0.0
1,พระโขนง,662.0,626.0,0.0,649.0,249.0,8.0,30.0,0.0,653.0,156.0,0.0,38.0,0.0,0.0,0.0,0.0,0.0
1,ภาษีเจริญ,718.0,16.0,0.0,430.0,30.0,405.0,4.0,2.0,233.0,3.0,0.0,2.0,2.0,0.0,0.0,95.0,0.0
1,มีนบุรี,896.0,896.0,0.0,684.0,215.0,39.0,0.0,3.0,889.0,584.0,0.0,8.0,0.0,0.0,11.0,414.0,1.0
1,ยานนาวา,683.0,2.0,0.0,116.0,307.0,466.0,0.0,0.0,85.0,103.0,0.0,0.0,0.0,0.0,0.0,28.0,0.0
1,ราชเทวี,941.0,0.0,0.0,0.0,0.0,868.0,0.0,0.0,0.0,0.0,279.0,77.0,304.0,0.0,0.0,245.0,0.0
1,ราษฎร์บูรณะ,9.0,0.0,0.0,7.0,0.0,0.0,0.0,1.0,33.0,1.0,0.0,375.0,0.0,0.0,1.0,64.0,2.0
1,ลาดกระบัง,656.0,42.0,0.0,0.0,823.0,7.0,34.0,4.0,0.0,869.0,0.0,283.0,0.0,0.0,82.0,74.0,0.0
1,ลาดพร้าว,685.0,813.0,0.0,6.0,676.0,41.0,340.0,1.0,94.0,363.0,1.0,0.0,0.0,0.0,0.0,11.0,0.0
1,วังทองหลาง,813.0,652.0,4.0,0.0,259.0,158.0,0.0,0.0,210.0,114.0,0.0,0.0,1.0,0.0,0.0,3.0,43.0
1,วัฒนา,1345.0,1031.0,0.0,0.0,49.0,987.0,0.0,1.0,0.0,0.0,359.0,0.0,325.0,0.0,0.0,0.0,0.0
1,สวนหลวง,983.0,562.0,0.0,539.0,278.0,0.0,0.0,2.0,636.0,169.0,21.0,0.0,50.0,0.0,0.0,292.0,0.0
1,สะพานสูง,734.0,734.0,5.0,470.0,52.0,93.0,37.0,0.0,597.0,461.0,31.0,0.0,24.0,0.0,6.0,8.0,0.0
1,สัมพันธวงศ์,1.0,1.0,5.0,0.0,72.0,301.0,0.0,0.0,0.0,36.0,60.0,6.0,45.0,0.0,0.0,1.0,0.0
1,สาทร,335.0,0.0,0.0,0.0,0.0,731.0,0.0,0.0,0.0,0.0,146.0,0.0,142.0,0.0,0.0,1.0,0.0
1,สายไหม,502.0,585.0,0.0,195.0,455.0,135.0,464.0,1.0,267.0,474.0,0.0,0.0,0.0,0.0,0.0,7.0,1.0
1,หนองจอก,37.0,0.0,0.0,728.0,1.0,3.0,0.0,0.0,758.0,7.0,0.0,765.0,0.0,0.0,68.0,25.0,0.0
1,หนองแขม,586.0,78.0,0.0,203.0,295.0,433.0,4.0,2.0,199.0,523.0,46.0,0.0,52.0,0.0,4.0,0.0,0.0
1,หลักสี่,579.0,665.0,0.0,2.0,253.0,403.0,10.0,2.0,36.0,370.0,29.0,23.0,32.0,0.0,0.0,194.0,0.0
1,ห้วยขวาง,928.0,321.0,1.0,94.0,15.0,86.0,0.0,0.0,95.0,1.0,467.0,0.0,430.0,0.0,0.0,44.0,0.0
2,คลองสาน,413.0,385.0,0.0,0.0,12.0,8.0,0.0,15.0,0.0,37.0,236.0,0.0,179.0,0.0,33.0,3.0,0.0
2,คลองสามวา,666.0,652.0,0.0,28.0,182.0,491.0,4.0,5.0,16.0,439.0,0.0,0.0,0.0,0.0,0.0,94.0,0.0
2,คลองเตย,854.0,6.0,0.0,0.0,0.0,1257.0,0.0,0.0,1.0,147.0,627.0,21.0,609.0,0.0,0.0,290.0,0.0
2,คันนายาว,84.0,41.0,0.0,40.0,141.0,63.0,0.0,1.0,350.0,192.0,0.0,2.0,1.0,0.0,0.0,147.0,0.0
2,จตุจักร,2166.0,416.0,0.0,925.0,21.0,1632.0,0.0,9.0,1044.0,97.0,86.0,2.0,80.0,1.0,0.0,1518.0,0.0
2,จอมทอง,295.0,0.0,1.0,516.0,395.0,74.0,0.0,2.0,511.0,256.0,0.0,4.0,0.0,0.0,0.0,54.0,2.0
2,ดอนเมือง,409.0,508.0,0.0,0.0,138.0,389.0,18.0,3.0,0.0,155.0,0.0,0.0,0.0,0.0,0.0,275.0,0.0
2,ดินแดง,990.0,979.0,0.0,12.0,0.0,856.0,0.0,5.0,1.0,26.0,0.0,41.0,0.0,0.0,0.0,30.0,0.0
2,ดุสิต,489.0,2.0,0.0,0.0,0.0,34.0,0.0,0.0,0.0,0.0,19.0,0.0,20.0,15.0,0.0,387.0,2.0
2,ตลิ่งชัน,712.0,288.0,1.0,0.0,0.0,463.0,26.0,3.0,0.0,9.0,0.0,0.0,0.0,0.0,0.0,497.0,0.0
2,ทวีวัฒนา,458.0,139.0,0.0,32.0,3.0,10.0,1.0,1.0,31.0,230.0,0.0,0.0,1.0,0.0,0.0,151.0,2.0
2,ทุ่งครุ,447.0,446.0,0.0,266.0,356.0,18.0,23.0,0.0,248.0,379.0,3.0,0.0,4.0,0.0,0.0,0.0,1.0
2,ธนบุรี,847.0,25.0,4.0,0.0,172.0,94.0,0.0,1.0,0.0,110.0,46.0,0.0,58.0,0.0,0.0,8.0,0.0
2,บางกอกน้อย,134.0,0.0,0.0,189.0,2.0,737.0,0.0,0.0,59.0,1.0,0.0,839.0,0.0,12.0,0.0,0.0,0.0
2,บางกอกใหญ่,312.0,275.0,0.0,23.0,16.0,110.0,1.0,0.0,29.0,9.0,0.0,6.0,3.0,0.0,0.0,54.0,0.0
2,บางกะปิ,1302.0,460.0,40.0,623.0,5.0,0.0,3.0,7.0,1148.0,14.0,0.0,0.0,2.0,0.0,0.0,620.0,25.0
2,บางขุนเทียน,619.0,570.0,0.0,209.0,639.0,14.0,20.0,3.0,136.0,515.0,0.0,0.0,13.0,0.0,11.0,372.0,0.0
2,บางคอแหลม,657.0,572.0,0.0,3.0,456.0,0.0,198.0,1.0,1.0,221.0,43.0,0.0,5.0,0.0,5.0,0.0,0.0
2,บางซื่อ,868.0,475.0,0.0,115.0,0.0,11.0,0.0,1.0,149.0,0.0,0.0,18.0,1.0,0.0,0.0,147.0,0.0
2,บางนา,677.0,552.0,0.0,303.0,267.0,5.0,21.0,3.0,485.0,99.0,0.0,9.0,0.0,0.0,5.0,261.0,0.0
2,บางบอน,401.0,240.0,0.0,319.0,421.0,127.0,5.0,2.0,301.0,297.0,0.0,4.0,4.0,0.0,15.0,28.0,2.0
2,บางพลัด,63.0,0.0,0.0,432.0,0.0,0.0,0.0,0.0,518.0,0.0,153.0,834.0,184.0,0.0,0.0,0.0,0.0
2,บางรัก,707.0,1.0,28.0,0.0,0.0,1045.0,579.0,0.0,0.0,0.0,645.0,0.0,691.0,0.0,0.0,2.0,0.0
2,บางเขน,1030.0,1031.0,0.0,394.0,6.0,1029.0,86.0,3.0,699.0,54.0,0.0,48.0,0.0,0.0,0.0,97.0,0.0
2,บางแค,482.0,85.0,0.0,202.0,98.0,1180.0,9.0,1.0,172.0,118.0,129.0,0.0,189.0,0.0,28.0,99.0,0.0
2,บึงกุ่ม,772.0,24.0,0.0,79.0,108.0,615.0,0.0,5.0,84.0,88.0,0.0,0.0,0.0,0.0,0.0,207.0,0.0
2,ปทุมวัน,1234.0,0.0,4.0,74.0,0.0,1056.0,1.0,225.0,33.0,30.0,503.0,0.0,430.0,14.0,0.0,1.0,0.0
2,ประเวศ,1193.0,1215.0,3.0,26.0,29.0,754.0,218.0,2.0,202.0,897.0,0.0,0.0,0.0,0.0,16.0,123.0,0.0
2,ป้อมปราบศัตรูพ่าย,16.0,0.0,0.0,0.0,0.0,649.0,0.0,0.0,0.0,1.0,7.0,0.0,3.0,0.0,35.0,2.0,0.0
2,พญาไท,622.0,616.0,0.0,0.0,0.0,17.0,0.0,0.0,0.0,0.0,8.0,0.0,8.0,0.0,0.0,5.0,0.0
2,พระนคร,222.0,1.0,10.0,0.0,0.0,1084.0,0.0,1.0,1.0,0.0,1.0,154.0,5.0,0.0,0.0,55.0,0.0
2,พระโขนง,624.0,624.0,0.0,493.0,159.0,0.0,79.0,0.0,507.0,111.0,0.0,0.0,1.0,0.0,0.0,0.0,0.0
2,ภาษีเจริญ,533.0,25.0,0.0,49.0,17.0,701.0,4.0,1.0,23.0,1.0,0.0,1.0,2.0,0.0,0.0,86.0,0.0
2,มีนบุรี,675.0,675.0,4.0,403.0,238.0,44.0,0.0,4.0,647.0,353.0,0.0,4.0,0.0,0.0,8.0,309.0,0.0
2,ยานนาวา,693.0,56.0,0.0,31.0,280.0,484.0,2.0,0.0,48.0,157.0,0.0,0.0,0.0,0.0,0.0,29.0,1.0
2,ราชเทวี,956.0,0.0,0.0,0.0,0.0,828.0,0.0,1.0,0.0,0.0,324.0,12.0,335.0,0.0,0.0,242.0,0.0
2,ราษฎร์บูรณะ,2.0,1.0,0.0,0.0,1.0,0.0,0.0,0.0,26.0,0.0,0.0,361.0,0.0,4.0,0.0,52.0,0.0
2,ลาดกระบัง,584.0,43.0,1.0,0.0,552.0,1.0,10.0,4.0,0.0,515.0,0.0,810.0,0.0,0.0,43.0,121.0,2.0
2,ลาดพร้าว,636.0,721.0,0.0,0.0,611.0,34.0,256.0,0.0,98.0,380.0,0.0,0.0,0.0,0.0,0.0,87.0,0.0
2,วังทองหลาง,764.0,696.0,2.0,3.0,140.0,84.0,0.0,1.0,201.0,70.0,2.0,0.0,2.0,0.0,0.0,1.0,57.0
2,วัฒนา,1383.0,1167.0,0.0,0.0,54.0,922.0,0.0,1.0,0.0,19.0,306.0,0.0,298.0,0.0,0.0,0.0,0.0
2,สวนหลวง,922.0,555.0,0.0,196.0,262.0,0.0,1.0,1.0,536.0,206.0,36.0,0.0,46.0,0.0,0.0,294.0,0.0
2,สะพานสูง,597.0,597.0,9.0,491.0,115.0,0.0,32.0,0.0,552.0,301.0,30.0,0.0,14.0,0.0,0.0,15.0,0.0
2,สัมพันธวงศ์,7.0,0.0,1.0,0.0,136.0,255.0,0.0,0.0,0.0,108.0,67.0,13.0,36.0,0.0,0.0,3.0,0.0
2,สาทร,408.0,8.0,0.0,0.0,0.0,788.0,5.0,1.0,0.0,0.0,85.0,0.0,82.0,0.0,0.0,3.0,0.0
2,สายไหม,337.0,573.0,0.0,155.0,395.0,40.0,390.0,6.0,305.0,390.0,0.0,0.0,1.0,0.0,0.0,9.0,2.0
2,หนองจอก,29.0,0.0,0.0,685.0,0.0,0.0,0.0,0.0,691.0,9.0,0.0,707.0,0.0,0.0,28.0,23.0,0.0
2,หนองแขม,684.0,409.0,6.0,44.0,243.0,615.0,4.0,1.0,49.0,545.0,10.0,0.0,26.0,0.0,9.0,0.0,0.0
2,หลักสี่,522.0,617.0,2.0,1.0,212.0,341.0,1.0,0.0,27.0,226.0,38.0,0.0,97.0,0.0,0.0,174.0,0.0
2,ห้วยขวาง,871.0,337.0,0.0,7.0,0.0,48.0,0.0,1.0,34.0,6.0,399.0,0.0,332.0,0.0,0.0,41.0,0.0
3,คลองสาน,373.0,368.0,0.0,0.0,1.0,2.0,0.0,17.0,0.0,18.0,248.0,0.0,254.0,0.0,33.0,0.0,0.0
3,คลองสามวา,765.0,750.0,0.0,9.0,117.0,226.0,2.0,2.0,3.0,472.0,0.0,0.0,0.0,0.0,0.0,83.0,0.0
3,คลองเตย,849.0,77.0,0.0,0.0,0.0,1185.0,0.0,0.0,0.0,149.0,545.0,0.0,544.0,0.0,0.0,215.0,0.0
3,คันนายาว,281.0,315.0,0.0,17.0,166.0,205.0,0.0,0.0,54.0,255.0,0.0,0.0,0.0,0.0,0.0,80.0,0.0
3,จตุจักร,2137.0,443.0,0.0,627.0,12.0,1557.0,0.0,1.0,750.0,105.0,117.0,11.0,118.0,0.0,0.0,1492.0,0.0
3,จอมทอง,157.0,0.0,1.0,518.0,462.0,127.0,0.0,0.0,449.0,336.0,0.0,0.0,0.0,0.0,0.0,15.0,2.0
3,ดอนเมือง,349.0,494.0,0.0,0.0,88.0,406.0,6.0,3.0,0.0,160.0,1.0,0.0,0.0,0.0,0.0,283.0,0.0
3,ดินแดง,1072.0,938.0,0.0,0.0,1.0,940.0,0.0,0.0,9.0,17.0,0.0,17.0,0.0,0.0,0.0,26.0,0.0
3,ดุสิต,495.0,0.0,0.0,0.0,0.0,61.0,0.0,0.0,0.0,0.0,0.0,0.0,1.0,6.0,0.0,339.0,10.0
3,ตลิ่งชัน,607.0,197.0,0.0,0.0,0.0,272.0,39.0,0.0,0.0,80.0,0.0,0.0,0.0,0.0,0.0,328.0,0.0
3,ทวีวัฒนา,353.0,107.0,0.0,24.0,3.0,38.0,4.0,0.0,28.0,123.0,2.0,0.0,0.0,0.0,0.0,106.0,6.0
3,ทุ่งครุ,449.0,442.0,1.0,307.0,449.0,0.0,21.0,1.0,224.0,409.0,4.0,0.0,6.0,0.0,0.0,0.0,0.0
3,ธนบุรี,905.0,36.0,0.0,0.0,172.0,347.0,0.0,0.0,8.0,122.0,84.0,0.0,109.0,0.0,0.0,0.0,0.0
3,บางกอกน้อย,48.0,0.0,0.0,2.0,0.0,977.0,0.0,0.0,0.0,1.0,0.0,1121.0,0.0,192.0,0.0,0.0,0.0
3,บางกอกใหญ่,285.0,284.0,0.0,10.0,13.0,136.0,0.0,0.0,8.0,20.0,2.0,6.0,6.0,0.0,0.0,26.0,0.0
3,บางกะปิ,1298.0,505.0,0.0,226.0,4.0,0.0,0.0,1.0,1141.0,10.0,0.0,0.0,3.0,0.0,0.0,557.0,29.0
3,บางขุนเทียน,564.0,626.0,0.0,72.0,668.0,15.0,68.0,0.0,58.0,610.0,1.0,1.0,22.0,0.0,17.0,365.0,0.0
3,บางคอแหลม,617.0,610.0,0.0,0.0,353.0,0.0,468.0,0.0,0.0,252.0,43.0,0.0,19.0,0.0,9.0,0.0,0.0
3,บางซื่อ,1083.0,584.0,0.0,106.0,0.0,12.0,1.0,1.0,145.0,0.0,0.0,0.0,3.0,58.0,0.0,326.0,0.0
3,บางนา,735.0,691.0,4.0,305.0,247.0,4.0,0.0,2.0,381.0,112.0,0.0,50.0,0.0,0.0,1.0,219.0,0.0
3,บางบอน,330.0,168.0,0.0,207.0,356.0,105.0,10.0,0.0,144.0,201.0,0.0,4.0,5.0,0.0,11.0,26.0,0.0
3,บางพลัด,2.0,0.0,0.0,445.0,0.0,0.0,0.0,0.0,530.0,8.0,180.0,893.0,196.0,2.0,0.0,2.0,0.0
3,บางรัก,199.0,5.0,44.0,0.0,0.0,882.0,682.0,0.0,0.0,0.0,740.0,0.0,869.0,0.0,0.0,4.0,0.0
3,บางเขน,1117.0,1122.0,0.0,66.0,1.0,1122.0,250.0,1.0,130.0,101.0,0.0,0.0,0.0,0.0,0.0,89.0,1.0
3,บางแค,443.0,36.0,0.0,119.0,97.0,706.0,30.0,1.0,39.0,216.0,159.0,0.0,182.0,0.0,18.0,164.0,0.0
3,บึงกุ่ม,811.0,74.0,0.0,19.0,150.0,755.0,1.0,2.0,15.0,129.0,0.0,0.0,0.0,0.0,0.0,111.0,0.0
3,ปทุมวัน,941.0,0.0,4.0,0.0,0.0,1059.0,0.0,213.0,2.0,41.0,557.0,0.0,608.0,2.0,0.0,1.0,0.0
3,ประเวศ,1256.0,1280.0,0.0,13.0,38.0,797.0,171.0,8.0,141.0,957.0,0.0,0.0,0.0,0.0,13.0,90.0,1.0
3,ป้อมปราบศัตรูพ่าย,10.0,0.0,1.0,0.0,0.0,706.0,0.0,0.0,0.0,0.0,37.0,0.0,22.0,0.0,38.0,2.0,0.0
3,พญาไท,855.0,840.0,0.0,0.0,0.0,21.0,0.0,0.0,0.0,0.0,110.0,0.0,43.0,0.0,0.0,6.0,6.0
3,พระนคร,122.0,0.0,1.0,0.0,0.0,1140.0,0.0,1.0,0.0,0.0,4.0,211.0,12.0,0.0,0.0,42.0,0.0
3,พระโขนง,796.0,796.0,0.0,409.0,369.0,0.0,37.0,3.0,651.0,121.0,0.0,0.0,2.0,0.0,0.0,0.0,0.0
3,ภาษีเจริญ,373.0,5.0,0.0,2.0,24.0,669.0,6.0,0.0,0.0,26.0,7.0,0.0,2.0,0.0,0.0,68.0,0.0
3,มีนบุรี,558.0,558.0,4.0,217.0,181.0,10.0,0.0,4.0,503.0,443.0,0.0,4.0,0.0,0.0,0.0,236.0,0.0
3,ยานนาวา,656.0,65.0,0.0,12.0,284.0,504.0,0.0,0.0,26.0,113.0,0.0,0.0,0.0,0.0,0.0,26.0,6.0
3,ราชเทวี,1159.0,0.0,0.0,0.0,0.0,1068.0,0.0,0.0,0.0,0.0,367.0,1.0,379.0,0.0,0.0,279.0,0.0
3,ราษฎร์บูรณะ,0.0,1.0,0.0,2.0,0.0,0.0,0.0,0.0,2.0,4.0,0.0,371.0,0.0,1.0,0.0,94.0,0.0
3,ลาดกระบัง,462.0,11.0,0.0,0.0,602.0,8.0,6.0,1.0,0.0,526.0,0.0,899.0,0.0,0.0,109.0,111.0,0.0
3,ลาดพร้าว,757.0,770.0,0.0,0.0,659.0,24.0,581.0,4.0,8.0,324.0,0.0,0.0,0.0,0.0,0.0,1.0,0.0
3,วังทองหลาง,857.0,777.0,2.0,0.0,175.0,144.0,14.0,0.0,139.0,145.0,19.0,0.0,23.0,0.0,0.0,0.0,58.0
3,วัฒนา,1284.0,1117.0,0.0,0.0,29.0,904.0,6.0,3.0,0.0,3.0,382.0,0.0,358.0,0.0,0.0,0.0,1.0
3,สวนหลวง,1055.0,694.0,0.0,25.0,174.0,0.0,3.0,2.0,559.0,173.0,16.0,0.0,9.0,0.0,0.0,389.0,0.0
3,สะพานสูง,559.0,559.0,9.0,333.0,154.0,68.0,8.0,0.0,473.0,319.0,17.0,0.0,20.0,0.0,0.0,13.0,0.0
3,สัมพันธวงศ์,0.0,0.0,9.0,0.0,141.0,250.0,0.0,1.0,0.0,112.0,120.0,0.0,95.0,0.0,0.0,2.0,0.0
3,สาทร,370.0,19.0,0.0,0.0,0.0,783.0,1.0,0.0,0.0,0.0,119.0,0.0,139.0,0.0,0.0,6.0,0.0
3,สายไหม,474.0,688.0,0.0,157.0,377.0,41.0,627.0,1.0,209.0,436.0,0.0,0.0,0.0,0.0,0.0,9.0,0.0
3,หนองจอก,21.0,0.0,0.0,536.0,1.0,3.0,0.0,0.0,533.0,44.0,0.0,577.0,0.0,0.0,34.0,0.0,0.0
3,หนองแขม,528.0,385.0,2.0,22.0,188.0,458.0,46.0,0.0,3.0,432.0,2.0,0.0,26.0,0.0,5.0,0.0,0.0
3,หลักสี่,579.0,721.0,0.0,6.0,217.0,471.0,1.0,0.0,27.0,286.0,75.0,0.0,123.0,0.0,0.0,155.0,0.0
3,ห้วยขวาง,816.0,418.0,0.0,0.0,8.0,43.0,2.0,0.0,0.0,2.0,437.0,0.0,358.0,0.0,0.0,38.0,0.0
4,คลองสาน,353.0,290.0,0.0,0.0,0.0,3.0,0.0,20.0,0.0,0.0,232.0,0.0,251.0,10.0,32.0,0.0,0.0
4,คลองสามวา,649.0,668.0,0.0,36.0,117.0,528.0,0.0,0.0,19.0,416.0,1.0,1.0,1.0,0.0,0.0,111.0,0.0
4,คลองเตย,651.0,0.0,0.0,0.0,0.0,1042.0,0.0,0.0,0.0,99.0,420.0,0.0,408.0,0.0,0.0,186.0,0.0
4,คันนายาว,373.0,373.0,0.0,12.0,156.0,132.0,18.0,0.0,33.0,161.0,0.0,0.0,0.0,0.0,0.0,49.0,0.0
4,จตุจักร,1651.0,368.0,0.0,484.0,20.0,1289.0,156.0,1.0,668.0,116.0,71.0,2.0,93.0,0.0,0.0,1060.0,1.0
4,จอมทอง,37.0,1.0,0.0,453.0,391.0,205.0,4.0,1.0,451.0,399.0,0.0,0.0,0.0,0.0,0.0,27.0,1.0
4,ดอนเมือง,28.0,399.0,0.0,0.0,149.0,343.0,107.0,0.0,0.0,240.0,30.0,0.0,19.0,0.0,0.0,219.0,0.0
4,ดินแดง,1055.0,953.0,1.0,0.0,26.0,937.0,10.0,2.0,4.0,16.0,7.0,26.0,0.0,0.0,0.0,31.0,0.0
4,ดุสิต,392.0,0.0,0.0,0.0,0.0,27.0,3.0,1.0,0.0,0.0,82.0,0.0,31.0,2.0,0.0,349.0,0.0
4,ตลิ่งชัน,653.0,293.0,0.0,0.0,0.0,582.0,66.0,0.0,0.0,11.0,0.0,0.0,0.0,0.0,0.0,332.0,0.0
4,ทวีวัฒนา,412.0,91.0,0.0,22.0,24.0,22.0,27.0,0.0,28.0,197.0,6.0,0.0,3.0,0.0,0.0,91.0,3.0
4,ทุ่งครุ,427.0,440.0,0.0,173.0,199.0,0.0,257.0,1.0,153.0,205.0,7.0,0.0,5.0,0.0,0.0,0.0,0.0
4,ธนบุรี,766.0,40.0,21.0,0.0,46.0,23.0,0.0,0.0,0.0,27.0,60.0,0.0,73.0,0.0,0.0,0.0,0.0
4,บางกอกน้อย,26.0,0.0,0.0,0.0,0.0,998.0,3.0,0.0,0.0,0.0,0.0,983.0,5.0,332.0,0.0,0.0,0.0
4,บางกอกใหญ่,273.0,269.0,0.0,0.0,15.0,59.0,0.0,0.0,0.0,1.0,21.0,42.0,26.0,0.0,0.0,10.0,0.0
4,บางกะปิ,1156.0,215.0,0.0,222.0,4.0,0.0,190.0,3.0,979.0,1.0,1.0,0.0,2.0,0.0,0.0,456.0,20.0
4,บางขุนเทียน,409.0,366.0,0.0,19.0,345.0,301.0,208.0,2.0,19.0,417.0,0.0,0.0,5.0,0.0,13.0,375.0,1.0
4,บางคอแหลม,513.0,494.0,0.0,0.0,281.0,2.0,411.0,2.0,0.0,333.0,15.0,0.0,9.0,0.0,4.0,0.0,0.0
4,บางซื่อ,755.0,318.0,0.0,52.0,0.0,13.0,253.0,0.0,70.0,0.0,0.0,0.0,0.0,35.0,0.0,28.0,0.0
4,บางนา,482.0,407.0,0.0,135.0,85.0,2.0,17.0,3.0,137.0,17.0,0.0,146.0,0.0,0.0,3.0,163.0,0.0
4,บางบอน,352.0,147.0,0.0,152.0,252.0,260.0,17.0,0.0,120.0,241.0,0.0,22.0,0.0,0.0,1.0,29.0,0.0
4,บางพลัด,2.0,0.0,0.0,212.0,0.0,0.0,0.0,0.0,118.0,4.0,152.0,650.0,165.0,22.0,0.0,0.0,0.0
4,บางรัก,68.0,0.0,27.0,0.0,0.0,481.0,809.0,0.0,0.0,0.0,590.0,0.0,621.0,59.0,0.0,0.0,0.0
4,บางเขน,913.0,914.0,0.0,0.0,0.0,905.0,192.0,0.0,34.0,52.0,0.0,2.0,2.0,0.0,0.0,68.0,0.0
4,บางแค,236.0,3.0,2.0,11.0,33.0,1253.0,103.0,1.0,3.0,54.0,91.0,0.0,110.0,0.0,16.0,47.0,0.0
4,บึงกุ่ม,678.0,52.0,1.0,8.0,105.0,606.0,10.0,7.0,2.0,114.0,0.0,0.0,0.0,0.0,0.0,47.0,0.0
4,ปทุมวัน,498.0,0.0,25.0,0.0,0.0,1010.0,0.0,217.0,0.0,42.0,589.0,0.0,577.0,1.0,0.0,0.0,0.0
4,ประเวศ,1073.0,1088.0,0.0,1.0,21.0,639.0,236.0,1.0,116.0,806.0,0.0,0.0,0.0,0.0,20.0,62.0,0.0
4,ป้อมปราบศัตรูพ่าย,1.0,0.0,0.0,0.0,0.0,593.0,0.0,0.0,0.0,0.0,37.0,0.0,37.0,1.0,42.0,8.0,0.0
4,พญาไท,684.0,648.0,0.0,0.0,0.0,7.0,1.0,0.0,0.0,0.0,105.0,0.0,73.0,0.0,0.0,1.0,0.0
4,พระนคร,88.0,0.0,0.0,0.0,0.0,995.0,0.0,1.0,0.0,0.0,20.0,194.0,36.0,0.0,0.0,72.0,0.0
4,พระโขนง,545.0,545.0,0.0,412.0,61.0,0.0,116.0,4.0,376.0,37.0,0.0,0.0,0.0,0.0,0.0,0.0,0.0
4,ภาษีเจริญ,79.0,2.0,0.0,1.0,4.0,707.0,14.0,0.0,1.0,0.0,15.0,0.0,9.0,0.0,0.0,70.0,0.0
4,มีนบุรี,628.0,629.0,2.0,327.0,92.0,2.0,1.0,0.0,580.0,293.0,0.0,1.0,0.0,0.0,0.0,278.0,0.0
4,ยานนาวา,544.0,70.0,0.0,14.0,97.0,447.0,0.0,0.0,7.0,47.0,0.0,0.0,0.0,0.0,0.0,20.0,1.0
4,ราชเทวี,765.0,0.0,0.0,0.0,0.0,831.0,0.0,0.0,0.0,0.0,240.0,20.0,269.0,0.0,0.0,227.0,0.0
4,ราษฎร์บูรณะ,0.0,1.0,0.0,0.0,0.0,0.0,0.0,0.0,0.0,1.0,0.0,319.0,0.0,0.0,0.0,129.0,0.0
4,ลาดกระบัง,219.0,0.0,0.0,0.0,582.0,33.0,31.0,1.0,0.0,684.0,0.0,806.0,0.0,0.0,13.0,74.0,0.0
4,ลาดพร้าว,707.0,807.0,0.0,0.0,460.0,11.0,738.0,0.0,7.0,341.0,0.0,0.0,0.0,0.0,0.0,6.0,0.0
4,วังทองหลาง,840.0,694.0,0.0,47.0,47.0,99.0,25.0,0.0,137.0,62.0,7.0,0.0,12.0,0.0,0.0,0.0,10.0
4,วัฒนา,1018.0,874.0,0.0,0.0,7.0,818.0,2.0,0.0,0.0,5.0,257.0,0.0,238.0,0.0,0.0,0.0,0.0
4,สวนหลวง,837.0,672.0,0.0,13.0,94.0,0.0,32.0,0.0,296.0,25.0,75.0,0.0,42.0,0.0,0.0,179.0,0.0
4,สะพานสูง,502.0,503.0,12.0,370.0,64.0,98.0,153.0,0.0,414.0,300.0,8.0,0.0,2.0,0.0,5.0,1.0,0.0
4,สัมพันธวงศ์,0.0,1.0,51.0,0.0,100.0,203.0,3.0,0.0,0.0,83.0,94.0,0.0,74.0,0.0,0.0,0.0,0.0
4,สาทร,160.0,0.0,0.0,0.0,0.0,626.0,80.0,0.0,0.0,0.0,79.0,0.0,71.0,0.0,0.0,1.0,0.0
4,สายไหม,106.0,543.0,0.0,139.0,447.0,37.0,674.0,5.0,214.0,524.0,0.0,0.0,0.0,0.0,0.0,4.0,0.0
4,หนองจอก,35.0,0.0,0.0,578.0,0.0,0.0,0.0,0.0,535.0,16.0,0.0,628.0,0.0,0.0,10.0,0.0,0.0
4,หนองแขม,448.0,265.0,0.0,7.0,121.0,472.0,44.0,0.0,0.0,391.0,25.0,0.0,13.0,0.0,2.0,0.0,1.0
4,หลักสี่,464.0,611.0,2.0,2.0,186.0,265.0,32.0,0.0,21.0,316.0,129.0,1.0,137.0,0.0,0.0,102.0,0.0
4,ห้วยขวาง,850.0,383.0,0.0,0.0,33.0,72.0,12.0,0.0,0.0,16.0,411.0,0.0,316.0,0.0,0.0,47.0,0.0
5,คลองสาน,464.0,307.0,3.0,0.0,0.0,0.0,57.0,10.0,0.0,0.0,354.0,0.0,310.0,0.0,21.0,0.0,0.0
5,คลองสามวา,917.0,937.0,0.0,48.0,26.0,90.0,19.0,4.0,28.0,292.0,0.0,0.0,19.0,0.0,3.0,124.0,0.0
5,คลองเตย,1179.0,582.0,0.0,0.0,0.0,970.0,53.0,2.0,0.0,127.0,743.0,0.0,732.0,0.0,0.0,298.0,0.0
5,คันนายาว,590.0,590.0,0.0,26.0,179.0,190.0,67.0,0.0,2.0,178.0,0.0,0.0,0.0,0.0,0.0,84.0,0.0
5,จตุจักร,2446.0,845.0,0.0,647.0,65.0,339.0,764.0,3.0,685.0,32.0,116.0,25.0,148.0,1.0,0.0,1520.0,7.0
5,จอมทอง,276.0,103.0,1.0,642.0,147.0,26.0,284.0,0.0,526.0,41.0,0.0,9.0,0.0,0.0,0.0,69.0,9.0
5,ดอนเมือง,550.0,595.0,0.0,0.0,95.0,315.0,441.0,5.0,0.0,116.0,0.0,0.0,0.0,0.0,0.0,263.0,3.0
5,ดินแดง,1280.0,1162.0,0.0,0.0,0.0,968.0,96.0,0.0,2.0,14.0,0.0,61.0,0.0,0.0,0.0,26.0,0.0
5,ดุสิต,674.0,64.0,1.0,0.0,0.0,14.0,74.0,0.0,0.0,0.0,0.0,0.0,0.0,1.0,0.0,564.0,25.0
5,ตลิ่งชัน,811.0,675.0,0.0,0.0,0.0,211.0,394.0,0.0,0.0,14.0,0.0,0.0,0.0,0.0,2.0,406.0,0.0
5,ทวีวัฒนา,374.0,158.0,2.0,35.0,1.0,47.0,103.0,0.0,12.0,96.0,0.0,0.0,5.0,0.0,0.0,90.0,0.0
5,ทุ่งครุ,517.0,520.0,0.0,207.0,183.0,0.0,467.0,1.0,140.0,132.0,5.0,0.0,2.0,0.0,0.0,0.0,1.0
5,ธนบุรี,970.0,65.0,2.0,2.0,0.0,2.0,2.0,3.0,3.0,0.0,26.0,0.0,54.0,0.0,0.0,1.0,0.0
5,บางกอกน้อย,193.0,0.0,0.0,0.0,0.0,749.0,22.0,1.0,0.0,0.0,0.0,1044.0,0.0,295.0,0.0,0.0,4.0
5,บางกอกใหญ่,290.0,340.0,3.0,1.0,0.0,7.0,0.0,0.0,11.0,0.0,86.0,0.0,54.0,0.0,0.0,13.0,0.0
5,บางกะปิ,1475.0,719.0,1.0,232.0,0.0,0.0,498.0,2.0,1289.0,0.0,0.0,0.0,0.0,0.0,0.0,735.0,115.0
5,บางขุนเทียน,684.0,741.0,0.0,23.0,181.0,216.0,253.0,3.0,21.0,198.0,1.0,0.0,15.0,0.0,11.0,802.0,2.0
5,บางคอแหลม,566.0,521.0,0.0,0.0,72.0,0.0,585.0,0.0,0.0,47.0,7.0,0.0,8.0,0.0,9.0,1.0,0.0
5,บางซื่อ,1164.0,951.0,0.0,68.0,0.0,0.0,1017.0,1.0,112.0,0.0,0.0,0.0,0.0,22.0,0.0,66.0,0.0
5,บางนา,789.0,667.0,0.0,151.0,1.0,0.0,140.0,4.0,207.0,0.0,0.0,242.0,0.0,0.0,10.0,247.0,0.0
5,บางบอน,484.0,381.0,0.0,250.0,68.0,8.0,185.0,2.0,169.0,190.0,4.0,20.0,4.0,0.0,0.0,32.0,0.0
5,บางพลัด,32.0,0.0,0.0,473.0,0.0,0.0,26.0,0.0,330.0,4.0,147.0,971.0,200.0,183.0,0.0,5.0,0.0
5,บางรัก,378.0,15.0,35.0,0.0,0.0,332.0,902.0,2.0,0.0,0.0,682.0,0.0,730.0,0.0,0.0,0.0,0.0
5,บางเขน,1295.0,1285.0,1.0,3.0,0.0,699.0,1024.0,2.0,24.0,22.0,0.0,0.0,1.0,0.0,0.0,143.0,6.0
5,บางแค,611.0,256.0,0.0,54.0,38.0,670.0,430.0,2.0,28.0,62.0,171.0,0.0,153.0,0.0,32.0,108.0,1.0
5,บึงกุ่ม,1083.0,541.0,0.0,1.0,55.0,834.0,17.0,4.0,8.0,80.0,0.0,0.0,0.0,0.0,0.0,1.0,0.0
5,ปทุมวัน,876.0,0.0,75.0,0.0,0.0,1193.0,2.0,248.0,0.0,78.0,783.0,0.0,747.0,0.0,0.0,0.0,0.0
5,ประเวศ,1428.0,1479.0,0.0,2.0,3.0,458.0,696.0,5.0,173.0,805.0,0.0,0.0,0.0,0.0,86.0,110.0,0.0
5,ป้อมปราบศัตรูพ่าย,205.0,0.0,6.0,0.0,0.0,1006.0,0.0,1.0,0.0,0.0,74.0,0.0,92.0,3.0,54.0,6.0,0.0
5,พญาไท,987.0,966.0,0.0,1.0,0.0,0.0,81.0,0.0,0.0,0.0,78.0,0.0,27.0,0.0,0.0,3.0,1.0
5,พระนคร,319.0,43.0,3.0,0.0,0.0,1131.0,0.0,2.0,0.0,0.0,0.0,217.0,6.0,0.0,0.0,34.0,0.0
5,พระโขนง,740.0,740.0,0.0,298.0,1.0,0.0,398.0,5.0,329.0,0.0,0.0,0.0,0.0,0.0,0.0,0.0,0.0
5,ภาษีเจริญ,544.0,100.0,0.0,2.0,1.0,617.0,188.0,6.0,0.0,0.0,2.0,0.0,0.0,3.0,0.0,101.0,0.0
5,มีนบุรี,863.0,863.0,0.0,445.0,0.0,1.0,47.0,1.0,786.0,84.0,0.0,2.0,0.0,0.0,0.0,371.0,1.0
5,ยานนาวา,681.0,181.0,0.0,44.0,29.0,126.0,25.0,0.0,48.0,27.0,0.0,0.0,0.0,0.0,0.0,37.0,0.0
5,ราชเทวี,1121.0,0.0,0.0,0.0,0.0,912.0,0.0,2.0,0.0,0.0,278.0,15.0,286.0,0.0,0.0,287.0,1.0
5,ราษฎร์บูรณะ,0.0,1.0,0.0,0.0,0.0,1.0,0.0,0.0,0.0,3.0,8.0,421.0,2.0,0.0,0.0,141.0,0.0
5,ลาดกระบัง,574.0,0.0,2.0,0.0,231.0,38.0,76.0,2.0,0.0,261.0,0.0,1139.0,0.0,0.0,57.0,129.0,0.0
5,ลาดพร้าว,1001.0,1018.0,0.0,0.0,49.0,0.0,1017.0,1.0,3.0,51.0,0.0,0.0,2.0,0.0,0.0,0.0,0.0
5,วังทองหลาง,936.0,826.0,0.0,7.0,1.0,179.0,172.0,0.0,93.0,12.0,0.0,0.0,18.0,0.0,0.0,0.0,21.0
5,วัฒนา,1719.0,1575.0,0.0,0.0,0.0,832.0,336.0,0.0,0.0,0.0,485.0,0.0,479.0,0.0,0.0,0.0,1.0
5,สวนหลวง,1106.0,996.0,0.0,1.0,8.0,1.0,388.0,2.0,360.0,0.0,100.0,0.0,67.0,0.0,0.0,239.0,0.0
5,สะพานสูง,748.0,739.0,8.0,222.0,39.0,141.0,556.0,4.0,529.0,89.0,37.0,0.0,24.0,0.0,0.0,3.0,0.0
5,สัมพันธวงศ์,4.0,7.0,101.0,4.0,106.0,273.0,32.0,0.0,4.0,68.0,93.0,0.0,105.0,0.0,0.0,0.0,0.0
5,สาทร,526.0,67.0,11.0,0.0,0.0,737.0,266.0,0.0,0.0,0.0,104.0,0.0,111.0,0.0,0.0,1.0,0.0
5,สายไหม,900.0,904.0,0.0,212.0,26.0,3.0,994.0,8.0,374.0,394.0,0.0,0.0,0.0,0.0,0.0,13.0,0.0
5,หนองจอก,77.0,0.0,0.0,809.0,0.0,0.0,0.0,0.0,744.0,4.0,0.0,884.0,0.0,0.0,11.0,2.0,0.0
5,หนองแขม,774.0,548.0,0.0,15.0,120.0,410.0,392.0,2.0,0.0,378.0,92.0,0.0,114.0,0.0,11.0,0.0,2.0
5,หลักสี่,692.0,778.0,0.0,4.0,227.0,176.0,234.0,1.0,27.0,338.0,71.0,21.0,93.0,0.0,0.0,169.0,0.0
5,ห้วยขวาง,963.0,531.0,0.0,0.0,0.0,20.0,95.0,0.0,0.0,0.0,175.0,0.0,200.0,0.0,0.0,52.0,0.0
6,คลองสาน,587.0,436.0,1.0,0.0,0.0,0.0,0.0,19.0,0.0,0.0,559.0,0.0,554.0,0.0,49.0,0.0,0.0
6,คลองสามวา,1012.0,1016.0,0.0,56.0,14.0,35.0,0.0,3.0,111.0,228.0,61.0,0.0,110.0,0.0,0.0,145.0,0.0
6,คลองเตย,1456.0,875.0,0.0,0.0,0.0,695.0,17.0,1.0,0.0,175.0,1251.0,0.0,1269.0,0.0,0.0,424.0,0.0
6,คันนายาว,607.0,607.0,0.0,0.0,153.0,193.0,14.0,0.0,38.0,111.0,0.0,0.0,5.0,0.0,0.0,146.0,0.0
6,จตุจักร,2815.0,833.0,0.0,859.0,0.0,868.0,79.0,17.0,870.0,8.0,184.0,32.0,247.0,0.0,0.0,1962.0,0.0
6,จอมทอง,179.0,127.0,0.0,614.0,154.0,23.0,70.0,1.0,528.0,108.0,0.0,23.0,0.0,0.0,0.0,67.0,1.0
6,ดอนเมือง,813.0,813.0,0.0,0.0,110.0,521.0,167.0,9.0,0.0,138.0,7.0,0.0,15.0,0.0,0.0,400.0,2.0
6,ดินแดง,1269.0,1079.0,0.0,0.0,0.0,918.0,0.0,1.0,6.0,0.0,4.0,42.0,8.0,0.0,0.0,24.0,0.0
6,ดุสิต,631.0,3.0,0.0,1.0,0.0,47.0,4.0,1.0,1.0,0.0,1.0,0.0,8.0,12.0,0.0,477.0,18.0
6,ตลิ่งชัน,807.0,725.0,0.0,0.0,0.0,258.0,156.0,1.0,0.0,2.0,12.0,0.0,0.0,0.0,0.0,481.0,0.0
6,ทวีวัฒนา,431.0,211.0,0.0,27.0,0.0,82.0,45.0,2.0,15.0,39.0,4.0,0.0,14.0,0.0,0.0,113.0,0.0
6,ทุ่งครุ,508.0,496.0,0.0,174.0,265.0,0.0,305.0,3.0,103.0,184.0,70.0,0.0,78.0,0.0,0.0,0.0,3.0
6,ธนบุรี,1184.0,59.0,0.0,0.0,0.0,0.0,8.0,2.0,1.0,0.0,191.0,0.0,285.0,0.0,0.0,0.0,0.0
6,บางกอกน้อย,213.0,0.0,0.0,9.0,0.0,823.0,5.0,0.0,0.0,0.0,0.0,1167.0,5.0,618.0,0.0,0.0,0.0
6,บางกอกใหญ่,388.0,419.0,0.0,10.0,0.0,28.0,1.0,2.0,16.0,0.0,52.0,0.0,87.0,0.0,0.0,83.0,0.0
6,บางกะปิ,1800.0,1043.0,0.0,423.0,2.0,0.0,113.0,5.0,1647.0,0.0,5.0,0.0,2.0,0.0,0.0,1019.0,35.0
6,บางขุนเทียน,704.0,738.0,0.0,43.0,196.0,659.0,182.0,1.0,21.0,232.0,31.0,67.0,37.0,0.0,15.0,1053.0,0.0
6,บางคอแหลม,648.0,648.0,30.0,0.0,54.0,0.0,486.0,2.0,0.0,62.0,19.0,0.0,15.0,0.0,9.0,0.0,2.0
6,บางซื่อ,1376.0,1365.0,1.0,96.0,0.0,0.0,291.0,2.0,166.0,0.0,1.0,0.0,6.0,45.0,0.0,26.0,0.0
6,บางนา,880.0,653.0,2.0,155.0,8.0,0.0,22.0,5.0,218.0,0.0,5.0,293.0,3.0,0.0,10.0,378.0,0.0
6,บางบอน,497.0,463.0,0.0,255.0,24.0,7.0,31.0,0.0,171.0,103.0,38.0,13.0,129.0,0.0,0.0,59.0,2.0
6,บางพลัด,8.0,0.0,0.0,486.0,0.0,0.0,1.0,0.0,405.0,0.0,415.0,828.0,381.0,37.0,0.0,3.0,0.0
6,บางรัก,339.0,49.0,35.0,0.0,0.0,450.0,1150.0,2.0,0.0,0.0,1016.0,0.0,1103.0,11.0,0.0,15.0,0.0
6,บางเขน,1477.0,1477.0,0.0,20.0,0.0,875.0,457.0,1.0,77.0,2.0,0.0,0.0,5.0,0.0,0.0,209.0,1.0
6,บางแค,607.0,268.0,0.0,206.0,23.0,1083.0,222.0,3.0,133.0,66.0,246.0,0.0,300.0,0.0,7.0,97.0,6.0
6,บึงกุ่ม,1121.0,866.0,1.0,7.0,36.0,1050.0,8.0,4.0,10.0,69.0,0.0,0.0,0.0,0.0,0.0,0.0,0.0
6,ปทุมวัน,821.0,0.0,93.0,0.0,0.0,1414.0,0.0,362.0,0.0,119.0,1116.0,0.0,1117.0,0.0,0.0,0.0,0.0
6,ประเวศ,1360.0,1405.0,0.0,17.0,7.0,408.0,218.0,9.0,202.0,706.0,0.0,0.0,0.0,0.0,183.0,159.0,0.0
6,ป้อมปราบศัตรูพ่าย,100.0,0.0,23.0,5.0,0.0,726.0,0.0,0.0,0.0,0.0,59.0,0.0,70.0,0.0,47.0,18.0,0.0
6,พญาไท,1003.0,990.0,0.0,0.0,0.0,0.0,0.0,0.0,0.0,0.0,769.0,0.0,673.0,0.0,0.0,1.0,38.0
6,พระนคร,245.0,10.0,53.0,4.0,0.0,1207.0,0.0,69.0,4.0,0.0,4.0,261.0,8.0,0.0,0.0,58.0,0.0
6,พระโขนง,730.0,730.0,0.0,247.0,14.0,0.0,325.0,0.0,296.0,0.0,2.0,0.0,5.0,0.0,0.0,0.0,0.0
6,ภาษีเจริญ,999.0,101.0,0.0,3.0,4.0,905.0,23.0,2.0,0.0,0.0,4.0,0.0,70.0,0.0,0.0,156.0,0.0
6,มีนบุรี,907.0,907.0,0.0,446.0,0.0,0.0,8.0,4.0,837.0,17.0,38.0,12.0,37.0,0.0,1.0,428.0,7.0
6,ยานนาวา,750.0,138.0,1.0,34.0,39.0,165.0,4.0,1.0,66.0,39.0,0.0,0.0,0.0,0.0,0.0,32.0,2.0
6,ราชเทวี,1311.0,0.0,0.0,0.0,0.0,764.0,0.0,1.0,0.0,0.0,400.0,44.0,418.0,0.0,0.0,379.0,0.0
6,ราษฎร์บูรณะ,2.0,0.0,0.0,0.0,0.0,0.0,0.0,0.0,1.0,1.0,229.0,514.0,292.0,0.0,0.0,149.0,0.0
6,ลาดกระบัง,563.0,2.0,0.0,2.0,179.0,12.0,24.0,5.0,0.0,23.0,0.0,1132.0,0.0,0.0,85.0,148.0,0.0
6,ลาดพร้าว,978.0,983.0,0.0,0.0,54.0,17.0,936.0,0.0,4.0,25.0,1.0,0.0,18.0,0.0,0.0,0.0,0.0
6,วังทองหลาง,929.0,852.0,0.0,3.0,0.0,141.0,17.0,2.0,129.0,0.0,31.0,0.0,38.0,11.0,0.0,0.0,1.0
6,วัฒนา,1917.0,1740.0,0.0,0.0,0.0,405.0,7.0,2.0,0.0,0.0,613.0,0.0,610.0,0.0,0.0,0.0,0.0
6,สวนหลวง,1165.0,1050.0,0.0,0.0,3.0,0.0,55.0,2.0,447.0,0.0,114.0,0.0,76.0,0.0,0.0,257.0,0.0
6,สะพานสูง,787.0,787.0,52.0,287.0,55.0,16.0,280.0,2.0,575.0,70.0,89.0,0.0,57.0,0.0,0.0,1.0,0.0
6,สัมพันธวงศ์,16.0,8.0,233.0,0.0,71.0,327.0,6.0,0.0,0.0,34.0,124.0,0.0,121.0,0.0,0.0,0.0,0.0
6,สาทร,755.0,111.0,4.0,0.0,0.0,841.0,162.0,1.0,0.0,0.0,224.0,0.0,437.0,0.0,0.0,3.0,0.0
6,สายไหม,974.0,972.0,0.0,169.0,60.0,0.0,974.0,15.0,416.0,211.0,0.0,0.0,5.0,0.0,0.0,7.0,0.0
6,หนองจอก,69.0,0.0,0.0,811.0,0.0,0.0,0.0,1.0,788.0,0.0,0.0,948.0,0.0,0.0,1.0,6.0,0.0
6,หนองแขม,854.0,648.0,0.0,43.0,48.0,420.0,81.0,2.0,6.0,236.0,76.0,0.0,182.0,0.0,12.0,0.0,7.0
6,หลักสี่,932.0,980.0,0.0,7.0,126.0,235.0,106.0,0.0,35.0,234.0,84.0,0.0,155.0,0.0,0.0,285.0,0.0
6,ห้วยขวาง,1073.0,571.0,0.0,0.0,0.0,7.0,14.0,1.0,0.0,0.0,371.0,0.0,380.0,0.0,0.0,120.0,0.0
7,คลองสาน,515.0,484.0,0.0,0.0,0.0,0.0,8.0,12.0,0.0,0.0,465.0,0.0,388.0,0.0,133.0,8.0,0.0
7,คลองสามวา,1020.0,1021.0,0.0,2.0,8.0,60.0,42.0,2.0,10.0,173.0,2.0,0.0,16.0,0.0,51.0,63.0,0.0
7,คลองเตย,1782.0,1424.0,0.0,0.0,0.0,444.0,95.0,0.0,0.0,166.0,1135.0,0.0,1162.0,0.0,1.0,432.0,0.0
7,คันนายาว,627.0,616.0,0.0,0.0,131.0,344.0,25.0,0.0,2.0,59.0,0.0,0.0,4.0,0.0,0.0,172.0,0.0
7,จตุจักร,2798.0,1888.0,0.0,649.0,18.0,1134.0,803.0,6.0,795.0,6.0,143.0,30.0,117.0,0.0,0.0,1755.0,0.0
7,จอมทอง,201.0,167.0,4.0,582.0,149.0,11.0,122.0,0.0,431.0,76.0,1.0,5.0,0.0,1.0,24.0,93.0,1.0
7,ดอนเมือง,826.0,826.0,0.0,0.0,93.0,605.0,450.0,3.0,0.0,105.0,0.0,0.0,0.0,2.0,0.0,336.0,0.0
7,ดินแดง,1427.0,1370.0,0.0,0.0,0.0,861.0,126.0,3.0,24.0,0.0,6.0,47.0,5.0,0.0,0.0,6.0,0.0
7,ดุสิต,833.0,27.0,0.0,0.0,0.0,98.0,81.0,0.0,0.0,0.0,4.0,0.0,1.0,0.0,0.0,632.0,14.0
7,ตลิ่งชัน,798.0,779.0,0.0,0.0,0.0,148.0,410.0,1.0,0.0,1.0,0.0,0.0,0.0,0.0,3.0,458.0,0.0
7,ทวีวัฒนา,451.0,326.0,0.0,22.0,0.0,195.0,102.0,1.0,11.0,19.0,1.0,0.0,2.0,0.0,26.0,123.0,0.0
7,ทุ่งครุ,477.0,484.0,0.0,134.0,251.0,0.0,241.0,0.0,93.0,191.0,52.0,0.0,29.0,0.0,38.0,0.0,6.0
7,ธนบุรี,1156.0,217.0,1.0,0.0,0.0,6.0,6.0,0.0,15.0,0.0,218.0,0.0,124.0,0.0,18.0,7.0,0.0
7,บางกอกน้อย,223.0,1.0,0.0,4.0,0.0,719.0,89.0,0.0,0.0,0.0,0.0,1179.0,4.0,470.0,0.0,0.0,1.0
7,บางกอกใหญ่,391.0,409.0,0.0,0.0,0.0,16.0,0.0,0.0,13.0,0.0,37.0,0.0,52.0,0.0,0.0,82.0,4.0
7,บางกะปิ,1641.0,1333.0,6.0,214.0,0.0,0.0,612.0,5.0,1295.0,1.0,3.0,0.0,1.0,0.0,66.0,782.0,15.0
7,บางขุนเทียน,859.0,943.0,0.0,6.0,199.0,339.0,527.0,1.0,5.0,210.0,36.0,0.0,43.0,0.0,57.0,716.0,0.0
7,บางคอแหลม,798.0,798.0,0.0,0.0,26.0,0.0,574.0,0.0,0.0,32.0,26.0,0.0,17.0,0.0,98.0,9.0,0.0
7,บางซื่อ,1044.0,1035.0,0.0,59.0,0.0,0.0,528.0,0.0,80.0,0.0,8.0,0.0,16.0,11.0,0.0,40.0,0.0
7,บางนา,898.0,851.0,11.0,71.0,16.0,0.0,137.0,4.0,135.0,1.0,6.0,216.0,0.0,0.0,56.0,333.0,0.0
7,บางบอน,601.0,584.0,0.0,236.0,42.0,7.0,198.0,1.0,106.0,77.0,46.0,13.0,76.0,0.0,33.0,61.0,0.0
7,บางพลัด,52.0,0.0,0.0,436.0,1.0,0.0,9.0,0.0,344.0,0.0,288.0,766.0,267.0,80.0,54.0,2.0,1.0
7,บางรัก,945.0,294.0,52.0,0.0,0.0,325.0,1202.0,0.0,0.0,0.0,1067.0,0.0,1069.0,0.0,2.0,27.0,0.0
7,บางเขน,1429.0,1429.0,0.0,0.0,3.0,1067.0,1098.0,13.0,1.0,12.0,0.0,0.0,4.0,0.0,36.0,109.0,0.0
7,บางแค,705.0,402.0,0.0,125.0,48.0,883.0,294.0,3.0,63.0,111.0,246.0,0.0,258.0,0.0,68.0,111.0,1.0
7,บึงกุ่ม,1263.0,1135.0,0.0,7.0,53.0,1238.0,85.0,2.0,3.0,93.0,0.0,0.0,0.0,0.0,0.0,2.0,0.0
7,ปทุมวัน,959.0,0.0,71.0,0.0,0.0,1255.0,0.0,319.0,0.0,56.0,1006.0,0.0,1146.0,0.0,0.0,5.0,0.0
7,ประเวศ,1645.0,1689.0,2.0,8.0,1.0,745.0,788.0,7.0,128.0,824.0,0.0,0.0,0.0,0.0,184.0,194.0,0.0
7,ป้อมปราบศัตรูพ่าย,211.0,0.0,16.0,0.0,0.0,851.0,0.0,1.0,0.0,0.0,77.0,0.0,87.0,1.0,42.0,8.0,0.0
7,พญาไท,1038.0,1037.0,0.0,0.0,0.0,0.0,44.0,1.0,0.0,0.0,266.0,0.0,121.0,0.0,0.0,5.0,82.0
7,พระนคร,612.0,72.0,0.0,0.0,0.0,1304.0,0.0,45.0,0.0,0.0,1.0,290.0,5.0,0.0,0.0,42.0,0.0
7,พระโขนง,733.0,733.0,0.0,146.0,4.0,0.0,546.0,0.0,64.0,0.0,0.0,0.0,1.0,0.0,0.0,0.0,0.0
7,ภาษีเจริญ,758.0,329.0,0.0,3.0,9.0,734.0,144.0,0.0,4.0,0.0,28.0,0.0,28.0,3.0,1.0,108.0,0.0
7,มีนบุรี,895.0,896.0,0.0,445.0,1.0,0.0,27.0,1.0,812.0,5.0,34.0,7.0,10.0,0.0,17.0,432.0,7.0
7,ยานนาวา,756.0,300.0,0.0,8.0,31.0,192.0,36.0,0.0,31.0,22.0,6.0,0.0,0.0,0.0,0.0,24.0,1.0
7,ราชเทวี,1206.0,0.0,0.0,0.0,0.0,655.0,0.0,2.0,0.0,0.0,376.0,5.0,378.0,0.0,0.0,338.0,0.0
7,ราษฎร์บูรณะ,9.0,0.0,0.0,0.0,0.0,0.0,2.0,0.0,0.0,10.0,232.0,499.0,151.0,0.0,5.0,176.0,0.0
7,ลาดกระบัง,943.0,83.0,0.0,0.0,117.0,1.0,117.0,0.0,6.0,40.0,0.0,1216.0,0.0,0.0,139.0,153.0,0.0
7,ลาดพร้าว,1072.0,1079.0,0.0,0.0,33.0,10.0,1049.0,1.0,4.0,32.0,4.0,0.0,23.0,0.0,4.0,0.0,0.0
7,วังทองหลาง,986.0,884.0,0.0,0.0,0.0,109.0,280.0,1.0,43.0,0.0,41.0,20.0,44.0,0.0,0.0,1.0,1.0
7,วัฒนา,1483.0,1475.0,1.0,0.0,0.0,185.0,236.0,1.0,0.0,0.0,411.0,0.0,377.0,0.0,40.0,0.0,0.0
7,สวนหลวง,1396.0,1281.0,0.0,0.0,1.0,0.0,580.0,0.0,286.0,0.0,41.0,0.0,22.0,0.0,4.0,357.0,0.0
7,สะพานสูง,762.0,762.0,2.0,138.0,33.0,96.0,534.0,1.0,454.0,16.0,95.0,0.0,43.0,0.0,26.0,48.0,0.0
7,สัมพันธวงศ์,21.0,38.0,167.0,0.0,98.0,377.0,10.0,1.0,0.0,67.0,248.0,0.0,237.0,0.0,0.0,0.0,0.0
7,สาทร,1117.0,150.0,11.0,0.0,0.0,1038.0,490.0,1.0,0.0,0.0,366.0,0.0,331.0,0.0,0.0,1.0,0.0
7,สายไหม,967.0,967.0,0.0,74.0,25.0,1.0,955.0,16.0,273.0,287.0,0.0,0.0,0.0,0.0,0.0,11.0,0.0
7,หนองจอก,84.0,1.0,0.0,970.0,0.0,0.0,0.0,1.0,861.0,2.0,0.0,1110.0,0.0,0.0,8.0,0.0,0.0
7,หนองแขม,1067.0,1002.0,0.0,38.0,73.0,396.0,341.0,1.0,8.0,252.0,33.0,0.0,49.0,0.0,4.0,0.0,3.0
7,หลักสี่,968.0,1010.0,5.0,1.0,231.0,187.0,444.0,1.0,24.0,261.0,42.0,0.0,142.0,0.0,0.0,277.0,0.0
7,ห้วยขวาง,1182.0,848.0,0.0,0.0,0.0,2.0,140.0,0.0,0.0,1.0,241.0,0.0,288.0,0.0,0.0,80.0,0.0
8,คลองสาน,577.0,566.0,0.0,0.0,0.0,0.0,0.0,9.0,0.0,0.0,335.0,0.0,314.0,0.0,45.0,2.0,0.0
8,คลองสามวา,1232.0,1233.0,0.0,8.0,0.0,0.0,43.0,5.0,11.0,98.0,3.0,0.0,7.0,0.0,0.0,37.0,0.0
8,คลองเตย,1331.0,943.0,0.0,0.0,0.0,521.0,0.0,0.0,0.0,136.0,1149.0,0.0,1088.0,0.0,0.0,271.0,0.0
8,คันนายาว,631.0,631.0,0.0,3.0,19.0,322.0,10.0,0.0,1.0,38.0,0.0,0.0,0.0,0.0,0.0,248.0,0.0
8,จตุจักร,2624.0,1694.0,0.0,781.0,0.0,1343.0,238.0,5.0,802.0,4.0,72.0,0.0,52.0,0.0,0.0,1626.0,0.0
8,จอมทอง,255.0,163.0,0.0,507.0,130.0,4.0,152.0,1.0,433.0,73.0,0.0,0.0,0.0,0.0,0.0,37.0,4.0
8,ดอนเมือง,722.0,722.0,1.0,0.0,5.0,575.0,314.0,4.0,0.0,4.0,0.0,0.0,0.0,0.0,0.0,257.0,5.0
8,ดินแดง,1365.0,1300.0,0.0,0.0,0.0,852.0,0.0,11.0,38.0,0.0,2.0,17.0,0.0,0.0,0.0,10.0,0.0
8,ดุสิต,618.0,5.0,0.0,0.0,0.0,36.0,8.0,0.0,0.0,0.0,0.0,0.0,1.0,17.0,0.0,389.0,19.0
8,ตลิ่งชัน,808.0,803.0,0.0,0.0,0.0,128.0,452.0,1.0,0.0,0.0,1.0,0.0,0.0,0.0,0.0,435.0,0.0
8,ทวีวัฒนา,584.0,351.0,0.0,11.0,0.0,296.0,95.0,3.0,2.0,3.0,6.0,0.0,2.0,0.0,0.0,131.0,0.0
8,ทุ่งครุ,508.0,510.0,0.0,219.0,213.0,0.0,368.0,4.0,149.0,147.0,18.0,0.0,46.0,0.0,0.0,0.0,2.0
8,ธนบุรี,1041.0,234.0,4.0,1.0,0.0,2.0,0.0,1.0,19.0,0.0,120.0,0.0,74.0,0.0,0.0,0.0,0.0
8,บางกอกน้อย,523.0,1.0,0.0,7.0,0.0,736.0,12.0,1.0,0.0,0.0,0.0,1103.0,1.0,409.0,0.0,0.0,0.0
8,บางกอกใหญ่,394.0,404.0,0.0,7.0,0.0,23.0,1.0,0.0,29.0,0.0,6.0,0.0,13.0,0.0,0.0,51.0,14.0
8,บางกะปิ,1597.0,1148.0,23.0,285.0,0.0,0.0,197.0,5.0,1414.0,0.0,3.0,0.0,5.0,0.0,0.0,832.0,29.0
8,บางขุนเทียน,699.0,798.0,0.0,5.0,168.0,245.0,482.0,4.0,3.0,125.0,43.0,0.0,43.0,0.0,25.0,568.0,0.0
8,บางคอแหลม,741.0,741.0,0.0,0.0,17.0,0.0,422.0,0.0,0.0,6.0,9.0,0.0,3.0,0.0,24.0,0.0,0.0
8,บางซื่อ,1041.0,1039.0,0.0,81.0,0.0,0.0,413.0,2.0,114.0,0.0,14.0,0.0,18.0,174.0,0.0,83.0,0.0
8,บางนา,779.0,726.0,0.0,105.0,8.0,4.0,84.0,6.0,215.0,0.0,13.0,135.0,6.0,0.0,14.0,264.0,0.0
8,บางบอน,685.0,673.0,0.0,272.0,15.0,15.0,204.0,1.0,99.0,0.0,3.0,4.0,25.0,0.0,2.0,55.0,0.0
8,บางพลัด,197.0,0.0,0.0,408.0,0.0,0.0,8.0,0.0,336.0,0.0,179.0,739.0,209.0,46.0,0.0,14.0,1.0
8,บางรัก,1085.0,114.0,35.0,0.0,0.0,562.0,984.0,2.0,0.0,0.0,767.0,0.0,862.0,0.0,0.0,13.0,0.0
8,บางเขน,1434.0,1434.0,0.0,0.0,0.0,1076.0,881.0,1.0,8.0,2.0,0.0,0.0,4.0,26.0,0.0,93.0,1.0
8,บางแค,765.0,408.0,0.0,117.0,39.0,822.0,261.0,0.0,52.0,79.0,230.0,0.0,270.0,0.0,26.0,152.0,0.0
8,บึงกุ่ม,1130.0,1002.0,1.0,13.0,59.0,1104.0,18.0,4.0,19.0,77.0,0.0,0.0,0.0,0.0,0.0,0.0,0.0
8,ปทุมวัน,1341.0,0.0,29.0,0.0,0.0,1236.0,0.0,314.0,0.0,35.0,829.0,0.0,842.0,0.0,0.0,0.0,0.0
8,ประเวศ,1461.0,1509.0,0.0,11.0,0.0,721.0,424.0,8.0,162.0,816.0,0.0,0.0,0.0,0.0,64.0,104.0,0.0
8,ป้อมปราบศัตรูพ่าย,145.0,0.0,4.0,0.0,0.0,1124.0,0.0,0.0,0.0,0.0,48.0,0.0,40.0,6.0,79.0,6.0,0.0
8,พญาไท,1078.0,1077.0,0.0,0.0,0.0,0.0,3.0,0.0,0.0,0.0,55.0,0.0,77.0,0.0,0.0,0.0,13.0
8,พระนคร,1100.0,66.0,0.0,0.0,0.0,1266.0,0.0,26.0,0.0,0.0,0.0,214.0,3.0,0.0,0.0,21.0,0.0
8,พระโขนง,719.0,719.0,0.0,331.0,2.0,0.0,408.0,2.0,381.0,1.0,0.0,0.0,6.0,0.0,0.0,0.0,0.0
8,ภาษีเจริญ,836.0,270.0,0.0,5.0,0.0,780.0,76.0,1.0,1.0,0.0,1.0,0.0,11.0,0.0,0.0,129.0,0.0
8,มีนบุรี,967.0,967.0,0.0,467.0,0.0,0.0,2.0,1.0,938.0,15.0,42.0,10.0,65.0,5.0,0.0,418.0,20.0
8,ยานนาวา,700.0,291.0,0.0,0.0,45.0,190.0,0.0,1.0,6.0,35.0,0.0,0.0,2.0,0.0,0.0,19.0,0.0
8,ราชเทวี,1232.0,0.0,0.0,0.0,0.0,410.0,0.0,0.0,0.0,0.0,451.0,2.0,439.0,0.0,0.0,313.0,0.0
8,ราษฎร์บูรณะ,8.0,0.0,0.0,0.0,2.0,0.0,0.0,0.0,0.0,0.0,38.0,513.0,51.0,2.0,0.0,120.0,0.0
8,ลาดกระบัง,852.0,68.0,0.0,26.0,41.0,15.0,22.0,6.0,22.0,41.0,0.0,1279.0,0.0,0.0,132.0,141.0,0.0
8,ลาดพร้าว,1188.0,1188.0,11.0,0.0,4.0,4.0,1174.0,1.0,9.0,7.0,4.0,0.0,14.0,0.0,0.0,0.0,0.0
8,วังทองหลาง,1034.0,914.0,0.0,7.0,0.0,133.0,95.0,1.0,146.0,0.0,68.0,0.0,66.0,0.0,0.0,7.0,5.0
8,วัฒนา,1713.0,1687.0,0.0,0.0,0.0,410.0,7.0,1.0,0.0,0.0,435.0,0.0,402.0,0.0,0.0,0.0,1.0
8,สวนหลวง,1181.0,1026.0,0.0,1.0,2.0,0.0,115.0,1.0,354.0,0.0,56.0,0.0,25.0,0.0,0.0,308.0,0.0
8,สะพานสูง,821.0,821.0,4.0,173.0,35.0,67.0,487.0,1.0,537.0,36.0,116.0,0.0,80.0,0.0,0.0,155.0,0.0
8,สัมพันธวงศ์,20.0,15.0,76.0,0.0,71.0,382.0,24.0,0.0,0.0,31.0,94.0,0.0,90.0,0.0,0.0,0.0,0.0
8,สาทร,945.0,99.0,15.0,0.0,0.0,830.0,89.0,1.0,0.0,0.0,74.0,0.0,94.0,0.0,0.0,0.0,0.0
8,สายไหม,919.0,625.0,0.0,193.0,15.0,1.0,913.0,12.0,339.0,235.0,0.0,0.0,1.0,0.0,0.0,19.0,0.0
8,หนองจอก,105.0,0.0,0.0,1072.0,0.0,0.0,2.0,1.0,795.0,0.0,0.0,1203.0,0.0,0.0,5.0,0.0,0.0
8,หนองแขม,683.0,548.0,0.0,7.0,40.0,354.0,112.0,2.0,1.0,51.0,38.0,0.0,46.0,0.0,6.0,0.0,0.0
8,หลักสี่,852.0,861.0,10.0,3.0,68.0,305.0,107.0,3.0,21.0,43.0,31.0,0.0,61.0,0.0,1.0,213.0,0.0
8,ห้วยขวาง,1310.0,894.0,0.0,0.0,0.0,5.0,21.0,0.0,0.0,0.0,207.0,0.0,201.0,0.0,0.0,88.0,1.0
9,คลองสาน,562.0,562.0,0.0,0.0,0.0,0.0,0.0,20.0,0.0,0.0,176.0,0.0,207.0,2.0,66.0,0.0,0.0
9,คลองสามวา,1087.0,1088.0,0.0,45.0,0.0,18.0,32.0,2.0,12.0,62.0,7.0,0.0,5.0,0.0,2.0,81.0,0.0
9,คลองเตย,1554.0,1233.0,0.0,0.0,0.0,289.0,179.0,0.0,0.0,87.0,948.0,0.0,939.0,0.0,0.0,218.0,0.0
9,คันนายาว,503.0,503.0,0.0,0.0,25.0,127.0,19.0,0.0,0.0,38.0,0.0,0.0,1.0,0.0,0.0,283.0,0.0
9,จตุจักร,2678.0,1684.0,0.0,586.0,2.0,1421.0,229.0,2.0,654.0,0.0,62.0,2.0,53.0,0.0,2.0,1542.0,0.0
9,จอมทอง,441.0,293.0,8.0,359.0,113.0,0.0,300.0,1.0,180.0,13.0,0.0,12.0,0.0,0.0,0.0,23.0,3.0
9,ดอนเมือง,767.0,767.0,1.0,0.0,14.0,738.0,116.0,1.0,0.0,114.0,0.0,0.0,0.0,0.0,0.0,288.0,0.0
9,ดินแดง,1292.0,1260.0,0.0,0.0,0.0,550.0,50.0,2.0,13.0,0.0,0.0,22.0,0.0,0.0,0.0,7.0,0.0
9,ดุสิต,682.0,90.0,0.0,0.0,0.0,74.0,165.0,1.0,0.0,0.0,0.0,0.0,0.0,0.0,0.0,305.0,33.0
9,ตลิ่งชัน,997.0,991.0,0.0,0.0,0.0,129.0,684.0,0.0,0.0,0.0,0.0,0.0,0.0,0.0,0.0,515.0,0.0
9,ทวีวัฒนา,567.0,390.0,0.0,1.0,0.0,194.0,221.0,1.0,2.0,0.0,3.0,0.0,3.0,0.0,0.0,150.0,0.0
9,ทุ่งครุ,533.0,535.0,0.0,124.0,202.0,0.0,335.0,3.0,46.0,148.0,28.0,0.0,39.0,0.0,0.0,0.0,0.0
9,ธนบุรี,1005.0,376.0,0.0,0.0,0.0,7.0,31.0,1.0,1.0,0.0,40.0,0.0,39.0,0.0,0.0,0.0,0.0
9,บางกอกน้อย,729.0,2.0,0.0,8.0,0.0,501.0,54.0,0.0,0.0,0.0,0.0,1091.0,0.0,335.0,0.0,0.0,0.0
9,บางกอกใหญ่,391.0,391.0,0.0,1.0,0.0,11.0,0.0,0.0,0.0,0.0,1.0,0.0,2.0,0.0,0.0,9.0,18.0
9,บางกะปิ,1601.0,1261.0,4.0,155.0,13.0,0.0,573.0,1.0,1280.0,11.0,4.0,0.0,3.0,0.0,0.0,633.0,29.0
9,บางขุนเทียน,898.0,936.0,3.0,7.0,168.0,151.0,451.0,13.0,8.0,167.0,44.0,0.0,45.0,0.0,18.0,583.0,0.0
9,บางคอแหลม,756.0,758.0,0.0,0.0,19.0,0.0,344.0,0.0,0.0,6.0,6.0,0.0,4.0,0.0,5.0,0.0,0.0
9,บางซื่อ,1027.0,1024.0,0.0,36.0,0.0,0.0,714.0,1.0,95.0,0.0,2.0,0.0,0.0,173.0,0.0,54.0,0.0
9,บางนา,962.0,928.0,1.0,42.0,15.0,0.0,468.0,5.0,15.0,0.0,8.0,50.0,0.0,0.0,4.0,240.0,0.0
9,บางบอน,589.0,565.0,0.0,159.0,12.0,3.0,201.0,2.0,34.0,2.0,6.0,14.0,66.0,0.0,0.0,53.0,0.0
9,บางพลัด,335.0,0.0,0.0,380.0,0.0,0.0,24.0,2.0,329.0,0.0,89.0,711.0,135.0,103.0,0.0,7.0,0.0
9,บางรัก,1260.0,451.0,34.0,0.0,0.0,282.0,1107.0,0.0,0.0,0.0,621.0,0.0,766.0,7.0,0.0,1.0,0.0
9,บางเขน,1397.0,1397.0,0.0,2.0,0.0,1180.0,761.0,0.0,9.0,0.0,0.0,0.0,1.0,0.0,0.0,97.0,10.0
9,บางแค,1052.0,589.0,0.0,75.0,34.0,419.0,484.0,2.0,44.0,75.0,153.0,0.0,193.0,0.0,30.0,106.0,2.0
9,บึงกุ่ม,990.0,986.0,0.0,0.0,43.0,936.0,42.0,12.0,1.0,64.0,0.0,0.0,0.0,0.0,0.0,16.0,3.0
9,ปทุมวัน,1805.0,4.0,127.0,0.0,0.0,1244.0,14.0,348.0,0.0,63.0,768.0,0.0,700.0,0.0,0.0,2.0,0.0
9,ประเวศ,1624.0,1710.0,0.0,11.0,0.0,778.0,911.0,3.0,138.0,671.0,0.0,0.0,0.0,0.0,75.0,108.0,1.0
9,ป้อมปราบศัตรูพ่าย,214.0,0.0,3.0,0.0,0.0,834.0,0.0,0.0,0.0,0.0,12.0,0.0,16.0,4.0,34.0,14.0,0.0
9,พญาไท,1054.0,1054.0,0.0,0.0,0.0,0.0,40.0,0.0,0.0,0.0,0.0,0.0,5.0,0.0,0.0,0.0,0.0
9,พระนคร,975.0,203.0,1.0,0.0,0.0,1158.0,0.0,53.0,0.0,0.0,0.0,273.0,0.0,0.0,0.0,6.0,0.0
9,พระโขนง,846.0,846.0,0.0,174.0,5.0,0.0,676.0,0.0,80.0,0.0,0.0,0.0,2.0,0.0,0.0,0.0,0.0
9,ภาษีเจริญ,860.0,634.0,0.0,1.0,2.0,563.0,239.0,2.0,0.0,0.0,0.0,0.0,9.0,15.0,0.0,92.0,0.0
9,มีนบุรี,834.0,834.0,0.0,444.0,0.0,0.0,32.0,0.0,788.0,0.0,3.0,2.0,8.0,3.0,0.0,387.0,22.0
9,ยานนาวา,852.0,349.0,0.0,0.0,39.0,302.0,43.0,1.0,0.0,33.0,0.0,0.0,0.0,0.0,0.0,12.0,0.0
9,ราชเทวี,1224.0,0.0,0.0,17.0,0.0,168.0,0.0,0.0,8.0,0.0,412.0,0.0,390.0,0.0,0.0,257.0,0.0
9,ราษฎร์บูรณะ,5.0,0.0,0.0,0.0,0.0,0.0,3.0,0.0,0.0,1.0,39.0,495.0,51.0,1.0,0.0,162.0,0.0
9,ลาดกระบัง,875.0,79.0,0.0,0.0,27.0,10.0,24.0,3.0,0.0,11.0,1.0,1118.0,3.0,0.0,158.0,102.0,0.0
9,ลาดพร้าว,1118.0,1119.0,4.0,0.0,35.0,28.0,1068.0,2.0,14.0,15.0,1.0,0.0,5.0,0.0,0.0,0.0,0.0
9,วังทองหลาง,965.0,902.0,3.0,14.0,0.0,74.0,349.0,1.0,99.0,0.0,28.0,0.0,31.0,30.0,0.0,0.0,11.0
9,วัฒนา,1547.0,1526.0,0.0,0.0,0.0,56.0,139.0,2.0,0.0,0.0,369.0,0.0,311.0,0.0,0.0,0.0,0.0
9,สวนหลวง,1187.0,1075.0,0.0,0.0,3.0,0.0,408.0,1.0,298.0,0.0,75.0,0.0,43.0,0.0,0.0,309.0,0.0
9,สะพานสูง,804.0,804.0,7.0,88.0,6.0,67.0,554.0,0.0,414.0,5.0,124.0,0.0,103.0,0.0,0.0,153.0,0.0
9,สัมพันธวงศ์,44.0,66.0,82.0,0.0,69.0,239.0,51.0,0.0,0.0,52.0,76.0,0.0,84.0,0.0,0.0,2.0,0.0
9,สาทร,1035.0,389.0,1.0,0.0,0.0,857.0,372.0,0.0,0.0,0.0,36.0,0.0,61.0,0.0,0.0,0.0,0.0
9,สายไหม,815.0,574.0,1.0,84.0,33.0,0.0,811.0,5.0,211.0,216.0,0.0,0.0,1.0,5.0,0.0,29.0,0.0
9,หนองจอก,127.0,3.0,0.0,1175.0,0.0,0.0,40.0,0.0,932.0,0.0,0.0,1331.0,0.0,0.0,0.0,0.0,0.0
9,หนองแขม,706.0,597.0,0.0,0.0,34.0,307.0,191.0,4.0,0.0,17.0,32.0,0.0,52.0,0.0,8.0,0.0,1.0
9,หลักสี่,759.0,768.0,0.0,4.0,40.0,254.0,278.0,0.0,9.0,35.0,0.0,0.0,0.0,0.0,0.0,169.0,0.0
9,ห้วยขวาง,1164.0,786.0,0.0,0.0,0.0,2.0,154.0,1.0,0.0,0.0,110.0,0.0,76.0,0.0,0.0,22.0,13.0
10,คลองสาน,539.0,536.0,0.0,0.0,0.0,0.0,15.0,15.0,0.0,0.0,153.0,0.0,129.0,0.0,34.0,4.0,0.0
10,คลองสามวา,1060.0,1060.0,0.0,169.0,2.0,77.0,23.0,0.0,54.0,88.0,1.0,0.0,3.0,0.0,0.0,79.0,0.0
10,คลองเตย,1578.0,1120.0,0.0,0.0,0.0,1025.0,1.0,0.0,0.0,161.0,1073.0,0.0,1047.0,0.0,0.0,315.0,0.0
10,คันนายาว,493.0,493.0,0.0,0.0,36.0,196.0,6.0,1.0,2.0,17.0,0.0,0.0,1.0,0.0,0.0,210.0,0.0
10,จตุจักร,2675.0,1846.0,0.0,638.0,0.0,1519.0,432.0,4.0,511.0,6.0,60.0,4.0,49.0,4.0,0.0,1438.0,0.0
10,จอมทอง,374.0,182.0,0.0,491.0,204.0,9.0,151.0,0.0,341.0,148.0,0.0,106.0,0.0,0.0,0.0,25.0,26.0
10,ดอนเมือง,660.0,660.0,4.0,0.0,78.0,632.0,74.0,1.0,0.0,99.0,0.0,0.0,0.0,0.0,0.0,192.0,0.0
10,ดินแดง,1254.0,1251.0,0.0,3.0,0.0,871.0,54.0,0.0,21.0,0.0,0.0,28.0,0.0,0.0,0.0,21.0,0.0
10,ดุสิต,719.0,2.0,0.0,0.0,0.0,118.0,80.0,0.0,0.0,0.0,0.0,0.0,0.0,0.0,0.0,387.0,40.0
10,ตลิ่งชัน,1122.0,1080.0,0.0,0.0,0.0,113.0,655.0,0.0,0.0,1.0,0.0,0.0,0.0,0.0,0.0,628.0,1.0
10,ทวีวัฒนา,698.0,557.0,0.0,0.0,0.0,220.0,177.0,0.0,2.0,69.0,0.0,0.0,0.0,0.0,0.0,159.0,0.0
10,ทุ่งครุ,497.0,501.0,0.0,185.0,116.0,0.0,389.0,0.0,84.0,170.0,40.0,0.0,21.0,0.0,0.0,0.0,0.0
10,ธนบุรี,1141.0,430.0,0.0,0.0,1.0,61.0,18.0,0.0,59.0,0.0,17.0,0.0,14.0,0.0,0.0,1.0,0.0
10,บางกอกน้อย,618.0,0.0,0.0,29.0,0.0,639.0,27.0,0.0,12.0,0.0,0.0,1240.0,0.0,176.0,0.0,0.0,0.0
10,บางกอกใหญ่,517.0,521.0,0.0,4.0,0.0,69.0,0.0,0.0,0.0,0.0,0.0,0.0,1.0,0.0,0.0,45.0,2.0
10,บางกะปิ,1554.0,1058.0,1.0,254.0,1.0,0.0,259.0,0.0,1385.0,11.0,6.0,0.0,0.0,0.0,0.0,592.0,30.0
10,บางขุนเทียน,1210.0,1265.0,0.0,16.0,316.0,8.0,885.0,5.0,10.0,228.0,42.0,0.0,50.0,0.0,23.0,632.0,0.0
10,บางคอแหลม,1122.0,1122.0,0.0,0.0,10.0,0.0,448.0,0.0,0.0,11.0,0.0,0.0,0.0,0.0,8.0,0.0,0.0
10,บางซื่อ,1186.0,1150.0,0.0,13.0,0.0,0.0,387.0,0.0,57.0,0.0,0.0,0.0,0.0,156.0,0.0,185.0,0.0
10,บางนา,930.0,852.0,0.0,139.0,38.0,1.0,180.0,1.0,64.0,14.0,1.0,17.0,1.0,0.0,5.0,302.0,0.0
10,บางบอน,739.0,719.0,0.0,74.0,4.0,18.0,275.0,0.0,54.0,24.0,2.0,10.0,4.0,0.0,0.0,45.0,0.0
10,บางพลัด,482.0,0.0,0.0,458.0,0.0,2.0,41.0,0.0,607.0,0.0,116.0,789.0,148.0,6.0,0.0,9.0,0.0
10,บางรัก,1116.0,329.0,49.0,0.0,0.0,498.0,729.0,0.0,0.0,0.0,541.0,0.0,630.0,0.0,0.0,7.0,0.0
10,บางเขน,1315.0,1315.0,0.0,4.0,0.0,1218.0,768.0,1.0,13.0,3.0,0.0,0.0,0.0,0.0,0.0,79.0,2.0
10,บางแค,1137.0,645.0,0.0,48.0,60.0,717.0,307.0,3.0,10.0,97.0,112.0,0.0,160.0,0.0,9.0,130.0,1.0
10,บึงกุ่ม,1068.0,930.0,0.0,0.0,88.0,1019.0,9.0,1.0,1.0,93.0,0.0,0.0,0.0,0.0,0.0,11.0,0.0
10,ปทุมวัน,1588.0,1.0,5.0,0.0,0.0,1154.0,0.0,312.0,0.0,45.0,629.0,0.0,705.0,0.0,0.0,4.0,0.0
10,ประเวศ,1670.0,1738.0,0.0,16.0,4.0,1123.0,442.0,2.0,166.0,1011.0,0.0,0.0,0.0,0.0,75.0,104.0,0.0
10,ป้อมปราบศัตรูพ่าย,208.0,0.0,0.0,0.0,0.0,1224.0,0.0,0.0,0.0,0.0,9.0,0.0,19.0,0.0,42.0,11.0,0.0
10,พญาไท,1008.0,1007.0,0.0,0.0,0.0,0.0,1.0,1.0,0.0,0.0,66.0,0.0,13.0,0.0,0.0,1.0,0.0
10,พระนคร,839.0,100.0,1.0,0.0,0.0,1319.0,0.0,88.0,0.0,0.0,0.0,236.0,2.0,0.0,0.0,64.0,0.0
10,พระโขนง,734.0,734.0,0.0,363.0,6.0,0.0,174.0,0.0,340.0,3.0,0.0,0.0,0.0,0.0,0.0,0.0,0.0
10,ภาษีเจริญ,817.0,560.0,0.0,3.0,8.0,482.0,230.0,2.0,1.0,0.0,0.0,0.0,0.0,1.0,0.0,74.0,0.0
10,มีนบุรี,852.0,852.0,0.0,356.0,6.0,0.0,1.0,0.0,744.0,104.0,19.0,2.0,11.0,9.0,0.0,446.0,18.0
10,ยานนาวา,928.0,671.0,0.0,1.0,28.0,472.0,18.0,0.0,9.0,24.0,1.0,0.0,0.0,0.0,0.0,15.0,0.0
10,ราชเทวี,1410.0,0.0,0.0,38.0,0.0,616.0,0.0,0.0,18.0,0.0,389.0,0.0,401.0,0.0,0.0,296.0,0.0
10,ราษฎร์บูรณะ,17.0,0.0,0.0,0.0,0.0,0.0,0.0,0.0,0.0,4.0,0.0,415.0,0.0,0.0,0.0,87.0,0.0
10,ลาดกระบัง,731.0,82.0,2.0,0.0,99.0,34.0,52.0,2.0,0.0,175.0,0.0,807.0,2.0,0.0,60.0,95.0,0.0
10,ลาดพร้าว,917.0,929.0,0.0,0.0,116.0,14.0,862.0,2.0,13.0,135.0,0.0,0.0,22.0,0.0,0.0,0.0,0.0
10,วังทองหลาง,1007.0,928.0,5.0,0.0,0.0,82.0,167.0,0.0,162.0,1.0,2.0,0.0,8.0,52.0,0.0,10.0,84.0
10,วัฒนา,1560.0,1560.0,0.0,0.0,0.0,655.0,58.0,0.0,0.0,0.0,296.0,0.0,278.0,0.0,0.0,0.0,1.0
10,สวนหลวง,1231.0,1021.0,0.0,5.0,3.0,0.0,176.0,0.0,336.0,0.0,101.0,0.0,109.0,0.0,0.0,329.0,0.0
10,สะพานสูง,610.0,610.0,7.0,86.0,4.0,50.0,219.0,0.0,394.0,75.0,64.0,0.0,62.0,0.0,0.0,111.0,0.0
10,สัมพันธวงศ์,44.0,40.0,4.0,0.0,33.0,344.0,30.0,0.0,0.0,43.0,55.0,0.0,49.0,0.0,0.0,0.0,0.0
10,สาทร,923.0,375.0,3.0,0.0,0.0,857.0,86.0,2.0,0.0,0.0,25.0,0.0,36.0,0.0,0.0,2.0,0.0
10,สายไหม,773.0,500.0,0.0,105.0,35.0,4.0,762.0,2.0,180.0,310.0,0.0,0.0,0.0,1.0,0.0,33.0,0.0
10,หนองจอก,74.0,0.0,0.0,1174.0,0.0,0.0,25.0,0.0,1113.0,0.0,0.0,1268.0,0.0,0.0,7.0,0.0,0.0
10,หนองแขม,792.0,659.0,13.0,0.0,103.0,470.0,229.0,1.0,0.0,313.0,44.0,0.0,34.0,0.0,1.0,0.0,1.0
10,หลักสี่,814.0,825.0,0.0,0.0,59.0,417.0,98.0,0.0,11.0,118.0,0.0,0.0,0.0,0.0,2.0,184.0,0.0
10,ห้วยขวาง,1150.0,831.0,0.0,0.0,0.0,64.0,67.0,1.0,0.0,0.0,84.0,0.0,118.0,0.0,0.0,3.0,0.0
11,คลองสาน,545.0,545.0,0.0,0.0,0.0,0.0,0.0,13.0,0.0,0.0,284.0,0.0,313.0,27.0,33.0,2.0,0.0
11,คลองสามวา,1150.0,1130.0,0.0,238.0,7.0,980.0,0.0,3.0,113.0,261.0,11.0,0.0,13.0,0.0,0.0,127.0,0.0
11,คลองเตย,1349.0,839.0,0.0,0.0,0.0,1334.0,0.0,0.0,0.0,170.0,1098.0,0.0,1117.0,0.0,0.0,360.0,0.0
11,คันนายาว,640.0,640.0,0.0,35.0,136.0,294.0,1.0,0.0,72.0,201.0,0.0,0.0,1.0,0.0,0.0,352.0,0.0
11,จตุจักร,2954.0,1081.0,0.0,1023.0,1.0,1784.0,22.0,1.0,858.0,58.0,117.0,29.0,115.0,118.0,0.0,1754.0,0.0
11,จอมทอง,310.0,110.0,0.0,517.0,232.0,13.0,127.0,3.0,434.0,241.0,0.0,0.0,0.0,3.0,0.0,31.0,55.0
11,ดอนเมือง,692.0,693.0,0.0,0.0,111.0,695.0,33.0,1.0,0.0,243.0,6.0,0.0,0.0,0.0,0.0,318.0,0.0
11,ดินแดง,1348.0,1262.0,0.0,0.0,9.0,919.0,0.0,0.0,3.0,53.0,0.0,41.0,0.0,0.0,0.0,27.0,4.0
11,ดุสิต,674.0,11.0,1.0,0.0,0.0,229.0,0.0,0.0,0.0,0.0,0.0,0.0,1.0,4.0,0.0,500.0,38.0
11,ตลิ่งชัน,896.0,887.0,0.0,0.0,0.0,269.0,156.0,4.0,0.0,7.0,0.0,0.0,0.0,0.0,0.0,543.0,0.0
11,ทวีวัฒนา,703.0,518.0,0.0,34.0,0.0,316.0,27.0,1.0,27.0,97.0,0.0,0.0,1.0,0.0,0.0,165.0,0.0
11,ทุ่งครุ,511.0,504.0,0.0,255.0,228.0,0.0,267.0,2.0,198.0,259.0,55.0,0.0,33.0,0.0,0.0,0.0,3.0
11,ธนบุรี,1098.0,159.0,0.0,0.0,3.0,4.0,0.0,0.0,27.0,0.0,94.0,0.0,76.0,0.0,0.0,25.0,0.0
11,บางกอกน้อย,350.0,0.0,0.0,40.0,0.0,763.0,8.0,0.0,7.0,0.0,0.0,1123.0,1.0,301.0,0.0,0.0,0.0
11,บางกอกใหญ่,496.0,498.0,0.0,10.0,0.0,52.0,0.0,0.0,2.0,0.0,0.0,0.0,0.0,0.0,0.0,89.0,1.0
11,บางกะปิ,1567.0,1167.0,2.0,280.0,5.0,0.0,184.0,8.0,1300.0,19.0,3.0,0.0,8.0,0.0,0.0,724.0,54.0
11,บางขุนเทียน,975.0,1004.0,0.0,81.0,304.0,0.0,243.0,4.0,57.0,424.0,52.0,0.0,55.0,1.0,24.0,577.0,1.0
11,บางคอแหลม,925.0,925.0,2.0,0.0,9.0,0.0,548.0,0.0,0.0,60.0,8.0,0.0,2.0,0.0,10.0,0.0,0.0
11,บางซื่อ,979.0,977.0,0.0,45.0,0.0,0.0,394.0,1.0,93.0,0.0,0.0,0.0,4.0,333.0,0.0,123.0,0.0
11,บางนา,908.0,836.0,0.0,233.0,96.0,38.0,50.0,13.0,184.0,99.0,26.0,0.0,35.0,0.0,8.0,240.0,0.0
11,บางบอน,581.0,573.0,0.0,188.0,58.0,11.0,28.0,2.0,247.0,179.0,3.0,16.0,2.0,0.0,13.0,85.0,0.0
11,บางพลัด,116.0,0.0,0.0,571.0,0.0,0.0,1.0,1.0,619.0,1.0,252.0,933.0,228.0,20.0,0.0,1.0,0.0
11,บางรัก,747.0,68.0,36.0,0.0,0.0,698.0,776.0,1.0,0.0,0.0,857.0,0.0,949.0,0.0,0.0,6.0,0.0
11,บางเขน,1646.0,1653.0,0.0,9.0,0.0,1654.0,196.0,0.0,38.0,22.0,0.0,0.0,3.0,0.0,0.0,149.0,9.0
11,บางแค,1019.0,550.0,0.0,100.0,58.0,664.0,90.0,2.0,44.0,193.0,172.0,0.0,369.0,0.0,12.0,366.0,3.0
11,บึงกุ่ม,1198.0,855.0,0.0,17.0,125.0,1177.0,112.0,7.0,16.0,122.0,0.0,0.0,0.0,0.0,0.0,11.0,0.0
11,ปทุมวัน,1238.0,11.0,0.0,0.0,0.0,1148.0,0.0,292.0,0.0,66.0,718.0,0.0,764.0,0.0,0.0,0.0,0.0
11,ประเวศ,1474.0,1495.0,0.0,35.0,3.0,1359.0,93.0,2.0,251.0,1126.0,0.0,0.0,0.0,3.0,33.0,101.0,0.0
11,ป้อมปราบศัตรูพ่าย,95.0,0.0,0.0,0.0,0.0,950.0,0.0,1.0,0.0,0.0,84.0,0.0,126.0,0.0,44.0,10.0,0.0
11,พญาไท,1056.0,1006.0,0.0,0.0,0.0,0.0,0.0,0.0,0.0,0.0,44.0,0.0,3.0,0.0,0.0,1.0,0.0
11,พระนคร,504.0,74.0,0.0,0.0,0.0,1262.0,0.0,36.0,2.0,0.0,0.0,284.0,9.0,0.0,0.0,284.0,0.0
11,พระโขนง,810.0,811.0,0.0,518.0,78.0,0.0,97.0,0.0,701.0,363.0,6.0,0.0,5.0,0.0,0.0,0.0,0.0
11,ภาษีเจริญ,952.0,515.0,0.0,4.0,15.0,766.0,102.0,5.0,10.0,0.0,0.0,0.0,1.0,0.0,0.0,142.0,0.0
11,มีนบุรี,907.0,907.0,0.0,368.0,0.0,0.0,0.0,1.0,788.0,156.0,29.0,1.0,25.0,9.0,0.0,472.0,5.0
11,ยานนาวา,1339.0,727.0,1.0,95.0,69.0,945.0,0.0,0.0,97.0,71.0,0.0,0.0,0.0,0.0,0.0,30.0,0.0
11,ราชเทวี,1368.0,0.0,1.0,2.0,0.0,639.0,0.0,0.0,6.0,0.0,561.0,0.0,566.0,0.0,0.0,295.0,0.0
11,ราษฎร์บูรณะ,7.0,0.0,0.0,0.0,0.0,0.0,0.0,0.0,0.0,0.0,15.0,386.0,11.0,3.0,0.0,91.0,0.0
11,ลาดกระบัง,479.0,6.0,2.0,0.0,140.0,30.0,15.0,5.0,0.0,636.0,106.0,801.0,142.0,0.0,128.0,62.0,0.0
11,ลาดพร้าว,940.0,961.0,1.0,0.0,353.0,30.0,585.0,0.0,10.0,317.0,2.0,0.0,32.0,0.0,0.0,14.0,0.0
11,วังทองหลาง,1055.0,948.0,7.0,5.0,0.0,174.0,10.0,0.0,267.0,13.0,13.0,0.0,20.0,168.0,0.0,36.0,75.0
11,วัฒนา,1977.0,1925.0,0.0,0.0,5.0,904.0,33.0,2.0,0.0,0.0,431.0,0.0,421.0,0.0,0.0,0.0,0.0
11,สวนหลวง,1163.0,1016.0,0.0,26.0,8.0,0.0,60.0,6.0,342.0,0.0,29.0,0.0,82.0,52.0,0.0,283.0,0.0
11,สะพานสูง,578.0,578.0,0.0,126.0,6.0,117.0,115.0,0.0,371.0,137.0,100.0,0.0,137.0,0.0,0.0,97.0,0.0
11,สัมพันธวงศ์,13.0,9.0,1.0,0.0,88.0,290.0,10.0,1.0,0.0,53.0,99.0,0.0,118.0,0.0,0.0,9.0,1.0
11,สาทร,1115.0,171.0,0.0,0.0,0.0,1128.0,46.0,0.0,0.0,0.0,121.0,0.0,122.0,0.0,0.0,0.0,0.0
11,สายไหม,636.0,350.0,2.0,125.0,202.0,35.0,684.0,4.0,149.0,481.0,0.0,0.0,5.0,103.0,0.0,16.0,0.0
11,หนองจอก,50.0,0.0,0.0,911.0,0.0,0.0,0.0,0.0,923.0,0.0,2.0,983.0,3.0,2.0,0.0,8.0,0.0
11,หนองแขม,642.0,481.0,20.0,1.0,65.0,540.0,2.0,3.0,20.0,327.0,61.0,0.0,73.0,0.0,1.0,0.0,0.0
11,หลักสี่,901.0,969.0,0.0,2.0,79.0,515.0,19.0,1.0,28.0,150.0,0.0,0.0,0.0,0.0,0.0,189.0,10.0
11,ห้วยขวาง,1269.0,901.0,0.0,0.0,24.0,106.0,9.0,1.0,0.0,25.0,202.0,0.0,189.0,0.0,0.0,6.0,0.0
12,คลองสาน,566.0,515.0,0.0,0.0,11.0,0.0,0.0,6.0,0.0,23.0,403.0,0.0,366.0,0.0,27.0,1.0,0.0
12,คลองสามวา,886.0,716.0,0.0,154.0,278.0,796.0,0.0,0.0,115.0,735.0,177.0,0.0,126.0,0.0,0.0,61.0,0.0
12,คลองเตย,1425.0,603.0,0.0,57.0,29.0,1426.0,0.0,0.0,67.0,458.0,1029.0,0.0,1101.0,0.0,0.0,195.0,0.0
12,คันนายาว,459.0,473.0,0.0,11.0,538.0,234.0,0.0,1.0,18.0,540.0,0.0,0.0,2.0,0.0,0.0,108.0,0.0
12,จตุจักร,2456.0,626.0,16.0,787.0,228.0,1567.0,0.0,2.0,379.0,887.0,156.0,27.0,185.0,14.0,0.0,1335.0,0.0
12,จอมทอง,228.0,84.0,0.0,592.0,554.0,27.0,0.0,2.0,464.0,615.0,1.0,0.0,0.0,0.0,0.0,14.0,46.0
12,ดอนเมือง,487.0,606.0,0.0,0.0,301.0,632.0,6.0,2.0,0.0,465.0,10.0,0.0,2.0,0.0,1.0,260.0,0.0
12,ดินแดง,1103.0,965.0,0.0,2.0,405.0,823.0,0.0,1.0,1.0,749.0,3.0,57.0,7.0,0.0,0.0,23.0,5.0
12,ดุสิต,514.0,0.0,0.0,0.0,0.0,70.0,0.0,10.0,7.0,31.0,3.0,0.0,11.0,0.0,1.0,476.0,19.0
12,ตลิ่งชัน,765.0,694.0,0.0,0.0,0.0,336.0,52.0,1.0,0.0,18.0,0.0,0.0,0.0,0.0,0.0,395.0,0.0
12,ทวีวัฒนา,478.0,241.0,0.0,1.0,0.0,345.0,0.0,0.0,1.0,167.0,2.0,0.0,6.0,0.0,0.0,40.0,0.0
12,ทุ่งครุ,501.0,503.0,0.0,168.0,390.0,0.0,250.0,1.0,104.0,496.0,39.0,0.0,33.0,0.0,0.0,0.0,0.0
12,ธนบุรี,1053.0,80.0,1.0,0.0,10.0,9.0,0.0,1.0,10.0,5.0,119.0,0.0,130.0,0.0,0.0,1.0,0.0
12,บางกอกน้อย,166.0,5.0,0.0,27.0,0.0,936.0,0.0,0.0,0.0,12.0,0.0,1055.0,0.0,275.0,0.0,0.0,0.0
12,บางกอกใหญ่,440.0,462.0,0.0,9.0,0.0,179.0,0.0,0.0,10.0,1.0,0.0,0.0,0.0,16.0,0.0,36.0,1.0
12,บางกะปิ,1267.0,863.0,0.0,282.0,126.0,0.0,15.0,5.0,984.0,152.0,78.0,0.0,42.0,0.0,0.0,507.0,25.0
12,บางขุนเทียน,693.0,743.0,0.0,85.0,495.0,0.0,51.0,2.0,71.0,567.0,7.0,0.0,9.0,1.0,14.0,373.0,7.0
12,บางคอแหลม,757.0,756.0,13.0,0.0,136.0,0.0,553.0,0.0,0.0,397.0,6.0,0.0,2.0,0.0,10.0,1.0,0.0
12,บางซื่อ,1057.0,1038.0,0.0,12.0,0.0,0.0,137.0,3.0,39.0,0.0,0.0,0.0,0.0,325.0,0.0,62.0,0.0
12,บางนา,675.0,570.0,0.0,201.0,505.0,0.0,0.0,1.0,61.0,652.0,17.0,0.0,22.0,0.0,12.0,210.0,0.0
12,บางบอน,544.0,492.0,0.0,133.0,289.0,47.0,0.0,1.0,250.0,406.0,9.0,7.0,20.0,0.0,26.0,43.0,0.0
12,บางพลัด,1.0,0.0,0.0,283.0,0.0,0.0,0.0,0.0,346.0,33.0,414.0,656.0,388.0,0.0,0.0,0.0,0.0
12,บางรัก,369.0,0.0,19.0,0.0,0.0,742.0,542.0,0.0,0.0,3.0,775.0,0.0,891.0,0.0,0.0,6.0,0.0
12,บางเขน,984.0,1015.0,0.0,1.0,25.0,1025.0,10.0,6.0,6.0,185.0,0.0,0.0,2.0,0.0,0.0,94.0,0.0
12,บางแค,646.0,398.0,0.0,108.0,164.0,612.0,12.0,1.0,132.0,316.0,254.0,0.0,383.0,3.0,16.0,104.0,0.0
12,บึงกุ่ม,503.0,494.0,0.0,22.0,399.0,1109.0,0.0,4.0,24.0,436.0,0.0,0.0,0.0,0.0,0.0,2.0,0.0
12,ปทุมวัน,1062.0,32.0,0.0,0.0,0.0,1213.0,0.0,282.0,0.0,142.0,833.0,0.0,825.0,0.0,0.0,0.0,0.0
12,ประเวศ,1424.0,1267.0,3.0,71.0,233.0,1354.0,5.0,6.0,265.0,1448.0,0.0,0.0,0.0,0.0,25.0,179.0,1.0
12,ป้อมปราบศัตรูพ่าย,126.0,0.0,0.0,0.0,0.0,782.0,0.0,0.0,0.0,0.0,88.0,0.0,160.0,3.0,32.0,11.0,0.0
12,พญาไท,720.0,707.0,0.0,0.0,13.0,0.0,0.0,0.0,0.0,18.0,94.0,0.0,59.0,0.0,0.0,0.0,0.0
12,พระนคร,436.0,44.0,0.0,0.0,0.0,1137.0,0.0,0.0,3.0,11.0,3.0,250.0,17.0,0.0,0.0,209.0,0.0
12,พระโขนง,685.0,685.0,0.0,502.0,524.0,0.0,39.0,2.0,513.0,687.0,20.0,0.0,20.0,0.0,0.0,0.0,0.0
12,ภาษีเจริญ,819.0,172.0,0.0,2.0,27.0,866.0,0.0,2.0,5.0,38.0,0.0,0.0,19.0,46.0,0.0,78.0,4.0
12,มีนบุรี,797.0,795.0,0.0,233.0,436.0,5.0,0.0,2.0,665.0,616.0,17.0,0.0,35.0,29.0,0.0,314.0,19.0
12,ยานนาวา,859.0,122.0,0.0,0.0,32.0,835.0,0.0,5.0,2.0,63.0,0.0,0.0,0.0,0.0,0.0,15.0,0.0
12,ราชเทวี,1095.0,0.0,0.0,0.0,10.0,436.0,0.0,1.0,0.0,5.0,520.0,0.0,530.0,0.0,0.0,234.0,0.0
12,ราษฎร์บูรณะ,1.0,0.0,0.0,0.0,0.0,0.0,0.0,0.0,0.0,0.0,57.0,335.0,38.0,2.0,0.0,103.0,0.0
12,ลาดกระบัง,107.0,0.0,3.0,0.0,941.0,30.0,9.0,5.0,0.0,974.0,480.0,527.0,564.0,0.0,55.0,74.0,0.0
12,ลาดพร้าว,784.0,817.0,0.0,0.0,710.0,51.0,333.0,6.0,12.0,715.0,35.0,0.0,108.0,0.0,0.0,0.0,0.0
12,วังทองหลาง,788.0,666.0,3.0,1.0,609.0,130.0,0.0,0.0,73.0,675.0,5.0,0.0,14.0,12.0,0.0,0.0,58.0
12,วัฒนา,1639.0,1488.0,0.0,0.0,33.0,920.0,0.0,7.0,0.0,10.0,485.0,0.0,525.0,0.0,0.0,0.0,0.0
12,สวนหลวง,946.0,762.0,0.0,54.0,147.0,0.0,0.0,5.0,324.0,268.0,102.0,0.0,290.0,0.0,0.0,235.0,0.0
12,สะพานสูง,579.0,574.0,0.0,75.0,143.0,111.0,84.0,0.0,317.0,501.0,99.0,0.0,168.0,0.0,0.0,66.0,0.0
12,สัมพันธวงศ์,9.0,27.0,0.0,0.0,107.0,346.0,0.0,1.0,0.0,69.0,239.0,0.0,149.0,0.0,0.0,10.0,0.0
12,สาทร,830.0,37.0,0.0,0.0,4.0,904.0,3.0,0.0,0.0,6.0,148.0,0.0,136.0,0.0,0.0,0.0,0.0
12,สายไหม,366.0,247.0,0.0,157.0,498.0,104.0,639.0,1.0,113.0,650.0,0.0,0.0,1.0,65.0,0.0,6.0,0.0
12,หนองจอก,37.0,0.0,0.0,713.0,0.0,0.0,0.0,0.0,618.0,130.0,20.0,761.0,26.0,0.0,0.0,11.0,0.0
12,หนองแขม,497.0,277.0,36.0,8.0,104.0,749.0,0.0,0.0,11.0,410.0,60.0,0.0,74.0,0.0,0.0,0.0,4.0
12,หลักสี่,598.0,759.0,0.0,0.0,105.0,439.0,10.0,0.0,15.0,421.0,0.0,0.0,6.0,0.0,0.0,147.0,3.0
12,ห้วยขวาง,918.0,644.0,0.0,0.0,209.0,55.0,0.0,0.0,0.0,293.0,206.0,0.0,237.0,0.0,0.0,0.0,0.0
